Part of Speech	main_word	main_word_id	main_word_GLOSS	2nd_word	2nd_word_id	2nd_word_GLOSS	3rd_word	3rd_word_id	3rd_word_GLOSS	ready?	who_collected	comment	lexeme_id	j/h	PFV.3	IPFV.3	INF.3	IMP.3	PROH.3	HPL/APL	Orthography	Lexical entry	No stress	Glossing label	comment_to_appear	meaning_1	meaning_1_rus	diathesis_1	example_1	example_1_cyr	example_1_rus	meaning_2	meaning_2_rus	diathesis_2	example_2	example_2_cyr	example_2_rus	meaning_3	meaning_3_rus	diathesis_3	example_3	example_3_cyr	example_3_rus	meaning_4	meaning_4_rus	diathesis_4	example_4	example_4_cyr	example_4_rus	who_compiled	elicited_day	elicited_month	elicited_year	updated_day	updated_month	updated_year	filename	speaker_name	gender	year_of_birth	lexcauc_id	swadesh_id
verb										1	KF		v3		ábʁur	oˤwʁura	owʁus	owʁa	omowubʁ ~ omobʁ	HPL+APL	абгъур	ábʁur	abʁur	INSIDE-shift		let in	впускать внутрь		χala aʁʷa zɨ!	хала агъва зы!	В дом пусти меня!	bath (child)	искупать (ребенка)		χɨnɨχ xije aʁura	хыных хьийе агъура	Ребенка искупали																					Назиле				
verb										1	KF	зы некье кергыр -- пример на кергыр? это значит "я проспала"??	v2		ábgɨr	owɨlgara	abgas	abga	amawlɨg	NO	абгыр	ábgɨr	abgɨr	INSIDE-stay		remain	остаться		izdɨ zer ara abgɨr, ʁeǯʷigɨr	изды зер ара абгыр, гъеджвигыр	Моя корова в сарае осталась, не выгоняла																											Назиле				
verb										1	KF		v9		awálkʼɨr	awálkʼara	awalkʼas	awalkʼa	amawlɨkʼ	NO	авалкӀыр	awálkʼɨr	awalkʼɨr	PV-be_lame		be lame	хромать		zer pisana luwkur, awalkasɨ	зер писана лувкур, авалкасы	Корова сильно упала, наверное будет хромать																											Назиле				
verb										1	KF		v10		áwɨr	áwara	awas	awa ~ awaʔ ~ owʔa	amawaʔ	*	авыр	áwɨr	awɨr	INSIDE-do		pour (liquid)	наливать		čej heleki amaʔ ilesdɨ mɨqʼa hɨkɨsɨ	чей гьелеки амаъ илесды мыкьа гьыкысы	Чай пока не наливай, а то еда остынет																											Назиле				
verb										1	KF		v8		aʁówʁur	aʁábʁura	aʁówʁus	aʁówʁʷa	aʁmábʁ	*	агъовгъур	aʁówʁur	aʁowʁur	PV-cut_through		cut out (round pieces of dough, smth out of paper)	вырезать (круглые кусочки теста, что-то из бумаги)		rɨšera gɨrc aʁaʁura ; kʼazita naqʼɨš jɨˤχɨr kʼɨčʼitakʷan aʁaʁur	рышера гырц агъагъура ; кӀазита накьыш йыӀхыр кӀычӀитакван агъагъур	Девочка кюрзе вырезала ; На бумаге нарисовав узор, вырезал ножницами	pierce, cut through	протыкать, прорезать		banka aʁaʁur, kampot hɨʔɨr	банка агъагъур, кампот гьыъыр	Дырку в банке (в крышке) сделав, компот налила	break eggs	разбивать яйца		ʁɨlɨʁmar aʁaʁʷa!	гъылыгъмар агъагъва!	Яйца разбей (в яичницу)!	swear, use derrogatory terms	ругаться похабно, материться		edemijera aʁabʁura	едемийера агъабгъура	Мужчина обзывается, матюгается									Назиле				
verb										1	KF		v6		ápquˤr	awráqʷaˤra	ápqʷaˤs	aˤpqʷa	amáˤwruqʷ	*	апхъуӀр	ápquˤr	apquˤr	PV-dig		dig	копать, выкопать яму		har jiʁa hanow awraˤqwara ɢuj	гьар йигъа гьанов авраӀхъвара къуй	Каждый день он копает яму																											Назиле				
verb										1	KF		v1		ápcur	awrácura	apcus	apca	amawruc	NO	апцур	ápcur	apcur	measure		measure, weigh	измерить, взвесить		zad χuˤr apcur terezugakan / ɨˤbrɨjekʷan ; zad acʼujne χuˤlʲaχʷaldɨ — xibɨd metri jišir	зад хуӀр апцур терезугакан / ыӀбрыйекван ; зад ацӀуйне хуӀляхвалды — хьибыд метри йишир	Я взвесил муку весами / меркой ; Я измерил длину — было три метра																											Назиле				
verb										1	KF		v5		áčʼipqɨr	ačʼwílqara	ačʼipqas	ačʼipqa	ačʼmewliq	NO	ачӀипхъыр	áčʼipqɨr	ačʼipqɨr	PV-stuck		be stuck	застревать		kʷam isaldɨ wiʔij zɨ ačʼirqɨraj	квам  исалды виъий зы ачӀирхъырай	Проход был очень узкий, я застрял																											Назиле				
verb										1	KF		v4		áčʼipxɨr	ačʼwílxara	ačʼipxas	ačʼipxa	ačʼmelwix	NO	ачӀипхьыр	áčʼipxɨr	ačʼipxɨr	PV-squeeze_in		get into, squeeze in	влезать, просовываться, протиснуться		edemi kʷamɨra ačʼirxɨra	едеми квамыра ачӀирхьыра	Человек залез в дыру																											Назиле				
verb										1	KF		v11		biʔir	beʔera	beʔes	beʔe	mebiʔ	*	биъир	biʔir	biʔir	pull		pull	тянуть		zad zer biʔir awnakʷan	зад зер биъир авнакван	Я потянул корову веревкой																											Назиле				
verb										1	KF		v12		NO FORM	NO FORM	NO FORM	wáka	NO FORM	NO	вака (ӀMP)	wáka (ӀMP)	waka (ӀMP)	bring.IMP		bring, fetch	привести, принести		ɢarg waka	къарг вака	Дай барана!																											Назиле				
verb										1	AA		v110		waqʼálqʼɨr	waqʼálqʼara	waqʼálqʼas	waqʼálqʼa	máwɨlqʼ		вакьалкьыр	waqʼálqʼɨr	waqʼalqʼɨr	tremble		tremble	дрожать		izdɨ babaj mɨqʼɨnira raqʼalqʼara	изды бабай мыкьынира ракьалкьара	Моя бабушка дрожит от холода																				14	8	2023					Назиле				
verb										1	KF		v181	h	wálgɨr	wálgara	wálgas	wálga	mówɨlg ~ mówlɨg	NO	валгыр	wálgɨr	walgɨr	talk		speak	разговаривать		wɨdɨ uk mowlɨg ; wɨɣle gima dalgara	выды ук мовлыг ; выгӀле гима далгара	Жопой не говори ; Мужики на годекане разговаривают																											Нурулла				
verb										1	KF		v183	0	waráˤʁɨˤr	waráˤʁaˤra	waráˤʁaˤs	waráˤʁ	móˤwraˤʁ	*	вараӀгъыӀр	waráˤʁɨˤr	waraˤʁɨˤr	drink		drink	пить		χaˤbaqan bɨlaχa laʔ xed ráʁɨr	хаӀбахъан былаха лаъ хьед ра́гъыр	Пастух из родника выпил воды	drink alcohol	пить алкоголь		dawata ǯudɨ ɢadar waraˤ́ʁɨraj haraqʼijed	давата джуды къадар вараӀ́гъырай гьаракьийед	На свадьбе он свою норму выпил																					Нурулла				
verb										1	KF		v186	j	wáχɨr	wáχara	wáχas	wáχa	mówaχ ~ máwaχ	NO	вахыр	wáχɨr	waχɨr	run		run	бежать		had jaχɨr hejwan χaqowɢur	гьад йахыр гьейван хахъовкъур	Он побежал, чтобы догнать лошадь																											Нурулла				
verb										1	KF		v187	j	wáχɨr	wáχara	wáχas	wáχa	máwaχ ~ mówaχ	NO	вахыр	wáχɨr	waχɨr	break		break (intr.)	ломаться		sin istekʼanbɨr jaχɨra, cʼindɨbɨr leʔχešur hɨgɨtʼi	син истекӀанбыр йахыра, цӀиндыбыр леъхешур гьыгытӀи	Все стаканы разбились, надо купить новые																											Нурулла				
verb										1	KF		v180	h	wácʼɨr	wácʼara	wácʼɨs	wácʼa	máwɨcʼ ~ mówɨcʼ	NO	вацӀыр	wácʼɨr	wacʼɨr	know		know	знать		zas hacʼara hanuw mɨčebɨr haʔara	зас гьацӀара гьанув мычебыр гьаъара	Я знаю, что он врёт	recognize	узнать, быть знакомым		zas had racʼara, kitabχane gʷalaχ waʔara	зас гьад рацӀара, китабхане гвалах ваъара	Я её знаю, она работает в библиотеке																					Нурулла				
verb										1	KF		v184	j	wáˤʁɨr	wáˤʁara	wáˤʁas	wáˤʁa	mówaˤʁ	NO	ваӀгъыр	wáˤʁɨr	waˤʁɨr	ask_for		ask for	попросить чего-либо		zad ɢumšijeda usbɨr jaˤʁɨr	зад къумшийеда усбыр йаӀгъыр	Я попросил у соседа дров																											Нурулла				
verb										1	KF		v185	h	wáˤχwarkɨr	wáˤχwarkara	wáˤχwarkas	wáˤχwarka	máˤχmaˤwrɨk	NO	ваӀхваркыр	wáˤχwarkɨr	waˤχwarkɨr	crawl		crawl	ползти		χɨnɨχ haˤχharkas χar hišira	хыных гьаӀхгьаркас хар гьишира	Ребёнок научился ползать	turn over from side to side	переворачиваться с боку на бок (особенно про лошадь и ишака)		jimmešes hammeše haˤχɨtkas hɨgara	йиммешес гьаммеше гьаӀхыткас гьыгара	Ишаки любят кувыркаться																					Нурулла				
verb										1	KF		v189	j	weggir	weggera	wegges	wegge	meweg	*	веггир	weggir	weggir	copulate		copulate	совокупляться																																			
verb										1	KF		v188	j	wéddɨr	wéddara	wéddas	wédda	méwed	*	веддыр	wéddɨr	weddɨr	be_ill		ache, be painful	болеть		huqʼul wedda mawaʔ ; χuji gʷalaχ wɨʔɨjne hammeše jɨˤqʼ jeddara	гьукьул ведда маваъ ; хуйи гвалах выъыйне гьаммеше йыӀкь йеддара	Не делай, чтоб у меня голова болела (в смысле не вешай лапшу) ; От работы в поле у него постоянно болит спина																											Нурулла				
verb										1	KF		v193	j	wézɨr	wézara	wézas	wéza	méwez	NO	везыр	wézɨr	wezɨr	milk		milk	доить		zer har jɨʁa wezɨr hɨgara ; zad zer wezɨr	зер гьар йыгъа везыр гьыгара ; зад зер везыр	Корову нужно доить каждый день ; Я подоил корову	saw	сеять, сажать		baʁ jezara xɨjeχda ka	багъ йезара хьыйехда ка	Огород весной сажают																									
verb										1	KF		v190	0	weréχir	weréχera	weréχes	weréχe	méwreχ	*	верехир	weréχir	wereχir	deceive1		deceive	обмануть		zas hanowɨkʷandɨ kar qɨgar diš hanow zɨ hammeše reχera	зас гьановыкванды кар хъыгар диш гьанов зы гьаммеше рехера	Не хочу с ним больше дел иметь, он меня постоянно обманывает																											Нурулла				
verb										1	KF		v192	j	wétɨr	wétara	wétas	wéta	méwet	NO	ветыр	wétɨr	wetɨr	kick		knock, kick	стукнуть, избить		edemijra xɨdɨnnowɨs ǯeretɨr hɨgara	эдемийра хьыдынновыс джеретыр гьыгара	Мужчина не должен бить жену																															
verb										1	KF		v191	j	wéšir	wéšera	wéšes	wéše	méweš	*	вешир	wéšir	wešir	cry		cry	плакать		edemier dešed diš	эдемиер дешед диш	Мужчины не плачут	howl, whine	выть, скулить		tɨlɐjala ʁaʔ tʼatʼal hičʼitχɨjne — wešesɨ	тыла̂йала гъаъ тӀатӀал гьичӀитхыйне — вешесы	Если собаку ударить палкой она будет скулить																									
verb										1	KF		v194	j	wiӡ̌ír	wiǯírǯera ~ wiӡ̌éra	wiǯés	wiǯé ~ wiǯirǯé	méwiǯ	*	виджир	wiӡ̌ír	wiӡ̌ir	roast		roast	жариться		jigɨχda gʲaɢa, had jiǯirǯed qʼʷaˤd sahaˤt i	йигыхда гякъа, гьад йиджирджед кьваӀд сагьаӀт и	Посмотри за мясом, оно уже два часа жарится	bake	печь		zad hɨggɨduqun xuwbɨr jiǯir	зад гьыггыдухъун хьувбыр йиджир	Я напекла много хлеба																									
verb										1	KF		v197	j	wíjir	wɨ́χara	wíjis	wíja	máwɨχ	NO	вийир	wíjir	wijir	shoot		shoot	стрелять		ʁɨˤrčeqanera tifang wijir	гъыӀрчехъанера тифанг вийир	Охотник выстрелил из ружья																															
verb										1	KF	(mewirqʼaj, mewiqʼij - also exists)	v198	j	wiqʼír	wíqʼera	wíqʼes	wiqʼe ~ wiqʼ	méwiqʼ	*	викьир	wiqʼír	wiqʼir	die		die	умереть		bɐbɐdid balagama načaʁ jišir, jiqʼír	ба̂ба̂дид балагама начагъ йишир, йикьи́р	Дедушка долго болел и умер																															
verb										1	KF		v201	j	wírzɨr	wírzara	wírzas	wírza	méwirz	NO	вирзыр	wírzɨr	wirzɨr	praise		praise	хвалить		pisdɨ dide na nine dirzas diš ǯudu χɨnimer	писды диде на нине дирзас диш джуду хынимер	Плохие родители не хвалят своих детей																															
verb										1	KF		v199	j	wiríčʼir	wiríčʼera	wiríčʼes	wiríčʼe	méwričʼ	*	виричӀир	wiríčʼir	wiričʼir	crush		crush	раздавиться		ixdɨ muˤɢʷa sa xɨdɨldɨ mašinara jɨˤrχɨr rirčʼira ; ečbɨr ad ješikʼ lebčuga aˤχdiet waʔ, ečbɨr ričʼesɨ	ихьды муӀкъва са хьыдылды машинара йыӀрхыр рирчӀира ; эчбыр ад йешикӀ лебчуга аӀхдиет ваъ, эчбыр ричӀесы	В нашем селе одну женщину сбила машина и её раздавило ; Ящик бери осторожно, а то яблоки раздавятся	fall down from fatigue	падать от усталости		uqʼuχda rɨxɨr rirčʼid kar riʔi	укьухда рыхьыр рирчӀид кар риъи	За травой ходила — очень сильно устала																									
verb										1	KF		v200	j	wírxɨr	wírxara	wírxas	wírxa	méwɨrx ~ méwrixʲ	NO	вирхьыр	wírxɨr	wirxɨr	walk		walk	ходить		had mešebeg jiʔi, hammeše jirxara	гьад мешебег йиъи, гьаммеше йирхьара	Он лесник — он постоянно ходит																															
verb										1	KF	méwiš — в основном с оптативом мевиший как я понял, редкая форма	v202	j/h	wišír	wurúʔura	wurúʔus ~ wɨ́kɨs	wiš	máˤwuˤʁ ~ méwiš	*	вишир	wišír	wišir	become		become	стать		had eke jišir ; gɨtɨrɨklʲa nin wišira	гьад эке йишир ; гытырыклʼа нин вишира	Он стал взрослым ; Кошка стала мамой	manage to do	мочь, смочь		zada telewizer qawaʔas wuruʔura ; zada hišir χal tamɨz gaʔas	зада телевизер хъаваъас вуруъура ; зада гьишир хал тамыз гаъас	Я могу починить телевизор ; Я смогла комнату убрать	be	быть		wɨdɨ χala barakat mewišij	выды хала баракат мевиший	Пусть не будет благополучия в доме																			
verb										1	KF		v203		wisɨ́r	wisára ~ wɨsɨ́rsara	wisás	wisá	méwis	*	висыр	wisɨ́r	wisɨr	roast_grain		roast	обжаривать (зерно)		misde zad hɨggɨduqun qʼir wisɨ́rsɨr (wisɨ́r)	мисде зад гьыггыдухъун кьир висы́рсыр (висы́р)	В этом году я обжарил много зерна																															
verb										1	KF		v205		wiχír	wíχera	wíχes	wíχeʔ	méwiχ	*	вихир	wiχír	wiχir	carry		carry	уносить		zad χajma wiχir jibʁas	зад хайма вихир йибгъас	Я унесла ковёр в стирку																															
verb										1	KF		v196	j	wicʼɨ́r	wicʼára	wicʼás	wicʼá	méwicʼ	*	вицӀыр	wicʼɨ́r	wicʼɨr	melt		melt	растапливать		ilesdɨ gaʔas, χaˤrad jicʼasɨ	илесды гаъас, хаӀрад йицӀасы	Чтобы готовить еду, масло нужно растопить	melt	таять		mɨk jicʼɨr	мык йицӀыр	Лёд растаял																									
verb										1	KF		v195	j	wičʼír	wičʼéra	wičʼés	wíčʼe	míjičʼ	*	вичӀир	wičʼír	wičʼir	manage		manage	справляться		ʁijʁa zada jičʼir diwan jaʁmiš waʔas	гъийгъа зада йичӀир диван йагъмиш ваъас	Сегодня я смог собрать диван	agree	соглашаться		edemieχda čʼardaχ liwxis ses wajaraj, had jičʼir diš	эдемиехда чӀардах ливхьис сес вайарай, гьад йичӀир диш	Мужчину позвали крыть крышу, а он не согласился																									
verb										1	KF, MD	3 ; iPFV	v204		NO DATA [hápχɨˤr]	wiʔí	wurúʔus	NO DATA [wɨrɨ́χ(a)]	máˤwuʁˤ ~ móˤwuˤʁ	*	виъи (ӀPFV)	wiʔí (ӀPFV)	wiʔi (ӀPFV)	go		go to	ходить		tiʔ gʲaɢa hušijden edemi jiʔi ; χɨnimer duruʔura mixdabɨ	тиъ гякъа гьушийден эдеми йиъи ; хынимер дуруъура михьдабы	Вон смотри какой-то мужик идёт ; Дети ходят в школу	be getting	становиться (НСВ)		had har sɨdɨs bɨtʼrɐna riʔi / rurura	гьад гьар сыдыс бытӀра̂на риъи / рурура	С каждым годом она становится всё красивее																									
verb										1	AA		v213		wúlqur	wúlqara	wúlqas	wúlqa	máwulq ~ mówluq	HPL/APL	вулхъур	wúlqur	wulqur	play		play	играть		χɨnimer rigida dülʲqera ; geter baʁde hulqara	хынимер ригида дуьлʼхъера ; гетер багъде гьулхъара	Дети играют на улице ; Кошки играют в саду																											Майсарат				
verb										1	AA		v215		wurúˤχuˤr	wurúˤχara	wurúˤχas	wurúˤχa	máˤwrúˤχ	*	вуруӀхуӀр	wurúˤχuˤr	wuruˤχuˤr	mill.v		mill	молоть		jezubɨr ruˤχara	йезубыр руӀхара	Зерна мелят																															
verb										1	AA	нет упереднения, если переходный, есть - непереходный	v218		wuχúr	wúχara	wúχas	wúχa	máwuχ	HPL/APL	вухур	wuχúr	wuχur	bore		give birth	рожать		get χɨnimer huχura	гет хынимер гьухура	Кошка родила котят	be born	рождаться		χɨnimer dьuxüra ; getir hüχüra	хынимер дьухьуьра ; гетир гьуьхуьра	Дети родились ; Котята родились																									
verb										1	AA	labile ; wurxas (б ; в ; ) нету? Реально лабильный ; iNF ; 3 *wurxas ; бЫЛИ ЗНа̂ЧЕНИЯ печься и вариться но не прошло чета ; хьув вурхьвара хьара ; хлеб в печи печется (назиле говорит это хлеб горит)	v216		wúxur	wúrxʷara	wúxʷas	wúxa ~ wúxʷa	mówrux ~ máwrux	*	вухьур	wúxur	wuxur	cook		fry	жариться		tawasːara jak hurxʷara	тавассара як гьурхьвара	Мясо на сковордке жарится																											Майсарат				
verb										2	AA	у НР и Ма̂ː ӀPFV ; 3 -- wuruxar ; у меня записано на ӀPVF ; 4ː рухьвара ~ рухьывара	v217		wuxúr	wuruxara	huxús (4)	jíxʲa (4)	márux (4)	NO	вухьур	wuxúr	wuxur	say		say	сказать		zad hanuwda huxura / ruxura bɨgaː zɨ wɨɣlis rurura	зад гьанувда гьухьура / рухьура быгаа зы выгӀлис рурура	Я ему сказала, что завтра выхожу замуж																															
verb										1	AA	кауз - обтесывать, делать брусː гьус вуцӀа гыъыр (брус обтесали)	v212		wucʼúr	wucʼára	wucʼás	wucʼá	mówɨcʼ	*	вуцӀур	wucʼúr	wucʼur	tear_off		tear off	изнашиваться		izdɨ čejdan wucʼura	изды чейдан вуцӀура	Мой чайник прохудился																															
verb										1	AA	3 ; iPFV ; выгарий на буд ; вр ; выгас не бывает ; лучше инфː зас выгара гьыкасы ; "я хотел платье" - выгарий сказала назиле ; мавыг - нельзя, майыг - можно вроде для ребенка ; аЛИСУЛТа̂Но̂Вː вроде записанные формы выглядят адекватно, предположительно PFV ; 3 должно быть выгыр, потому что в Ӏ/4 классе по а̂лисултанову -- йыгыр	v207		NO DATA	wɨ́gara	wɨ́gas	wɨ́ga	máwɨg	NO	выгара (ӀPFV)	wɨ́gara (ӀPFV)	wɨgara (ӀPFV)	want		want	хотеть		getʲer hɨgara	гетʼер гьыгара	Я хочу кошек																											Майсарат				
verb										1	AA	принести - нельзя	v208		wɨgɨ́r	wɨgɨ́rgara ~ wɨgara	wɨgɨ́rgas ~ wɨgas	wɨgɨ́rga	máwɨg ~ mówɨg	NO	выгыр	wɨgɨ́r	wɨgɨr	fetch		fetch here	привести		χɨnχɨra get wɨgɨ́ra ; zad juldaš hɨgɨra ; zad juldašer dɨgɨrgara	хынхыра гет выгы́ра ; зад йулдаш гьыгыра ; зад йулдашер дыгыргара	Ребенок привел кошку ; Я привел друга ; Я привожу друзей																											Майсарат				
verb										1	AA	истӀекан, чейдан вызырзара, чей зырзара (переливается), хед зырзара - выходит из под земли вода ; я наполнил - кауз вроде, и чайник наполнился - не кауз	v210		wɨzɨ́rzɨr	wɨzɨ́rzara	wɨzɨ́rzas	wɨzɨ́rza	móˤwɨrz	*	вызырзыр	wɨzɨ́rzɨr	wɨzɨrzɨr	overflow		overflow	заполняться доверху, переполняться		xed zɨrzara ; χɨnχɨra xed hɨʔɨr istʼekane wɨzɨrza wɨʔɨr	хьед зырзара ; хынхыра хьед гьыъыр истӀекане вызырза выъыр	Вода вышла (из мёрлых яблок, когда растаяли) ; Мальчик перелил воды в стакан																															
verb										1	AA, MD		v209		wɨxɨ́r	NO DATA [wurúʔura]	NO DATA [wurúʔus]	wɨrɨ́χ(a)	máˤwuʁˤ ~ móˤwuˤʁ	NO	выхьыр	wɨxɨ́r	wɨxɨr	go_to		go to	уходить, уезжать		izdɨ χɨnimer ʁa dɨxɨr ; lʲuček dɨxɨr, awtobusa laʔ lelčʼur, u šuwdišir jakʷas laʔ lelčʼur šɨwdišijna	изды хынимер гъа дыхьыр ; лючек дыхьыр, автобуса лаъ лелчӀур, у шувдишир йаквас лаъ лелчӀур шывдишийна	Мои сыновья вышли наружу ; в Лучек пошли, на автобус поднялись, утром поднялись < ; >																											Назиле				
verb										1	AA	спирт на рану, мыло в глаз	v206		wɨcʼɨ́rcʼɨr	wɨcʼɨrcʼara	wɨcʼɨ́rcʼas	wɨcʼɨ́rcʼa	mówrɨ́cʼ	HPL/APL	выцӀырцӀыр	wɨcʼɨ́rcʼɨr	wɨcʼɨrcʼɨr	sting		sting	щипать (об ощущении)		tʼili wɨcʼɨrcʼara	тӀили выцӀырцӀара	Палец щипит	cannot wait to	не терпится		χɨnɨχ cʼɨrcʼɨra waχda	хыных цӀырцӀыра вахда	Ребенок к тебе очень хочет																					Майсарат				
verb										1	AA		v211		wɨ́ʔɨr ~ howʔɨr ~ háwɨʔr	wáʔara	wáʔas	waʔ(a)	máwaʔ	NO	выъыр ~ гьовъыр ~ гьавъыр	wɨ́ʔɨr ~ howʔɨr ~ háwʔɨr	wɨʔɨr ~ howʔɨr ~ hawɨʔr	do		do	делать		zad hɨʔɨr	зад гьыъыр	Я сделала тесто																															
verb										1	AA	проиграл корову нельзя	v20		gébgɨr	gewílgar	gébgas	gébga	gemewlig	NO	гебгыр	gébgɨr	gebgɨr	UNDER-stay		lose (a game)	проиграть		tup waʔad ǯigɨj ixdɨ gɨdijer gedgɨr	туп ваъад джигый ихьды гыдийер гедгыр	Наша футбольная команда проиграла	be left behind	отстать, остаться позади		χɨnɨχ qьuʔ gergɨr ninɨːla	хыных хъьуъ гергыр ниныыла	Ребенок отстал от мамы	get caught in avalance	попасть под лавину		edemi qʼɨne sɨwa hɨʔɨne, qʼɨrqʼɨχdɨ gergɨr	едеми кьыне сыва гьыъыне, кьыркьыхды гергыр	Человек в гору пошел, под лавину попал															Нурулла	с костей, когда он заболел			
verb										1	AI	geʁebčʼur = форма в Лучеке ; geʁwičʼ = пролезь снизу ; geʁwičʼ ala = вылези	v22		geʁewčʼur	geʁebčʼur	geʁewčʼus	geʁwičʼa	geʁmewričʼ ~ geʁmewručʼ	geʁéwčʼur, geʁéwčʼur	гегъевчӀур	geʁewčʼur	geʁewčʼur	UNDER-OUT-move		get out from under smth	вылезти из-под чего-либо		tɨla geʁewčʼura diwanaxla	тыла гегъевчӀура диванахьла	Собака вылезла из-под дивана																				12	8	2023					Teli/Edera	f/f			
verb										1	AI		v24		geʁiwxir	geʁiwxera	geʁiwxis	geʁiwxe	geʁmewrix	geʁixir, geʁidxira	гегъивхьир	geʁiwxir	geʁiwxir	PV-be_silent		be silent	молчать		zer geʁiwxir ; mašin geʁiwxir a	зер гегъивхьир ; машин гегъивхьир а	Корова замолчала ; Машина замолчала (после того, как сигналила)																				12	8	2023					Teli/Edera	f/f			
verb										1	AI	ixʲdɨ mašin geʁibxur ; = (Ӏ) нет машины (2) разрушилась	v23		geʁipxur	geʁwipxura	geʁipxusɨ	geʁipxʷa	geʁmewipxʷ	geʁéčʼur geʁéčʼχur люди	гегъипхьур	geʁipxur	geʁipxur	UNDER-OUT-fall		fell apart, collapse	развалиться, разрушиться		ʁuˤl geʁipxur ; ixʲdɨ bɨlaχ geʁibxur	гъуӀл гегъипхьур ; ихьʼды былах гегъибхьур	Окно разрушилось ; Родник разрушился	cease to exist	перестать существовать		ixʲdɨ zer geʁibxur	ихьʼды зер гегъибхьур	Нашей коровы не осталось														12	8	2023					Teli/Edera	f/f			
verb										1	AI	нельзя употребить в предложении “Мама у ребенка телефон отобрала ; ”	v25		geʁɨpʼir	geʁʷilera	geʁipʼes	geʁipʼe	geʁmelwiʔ	gʲaklitir, gʲaklitir	гегъыпӀир	geʁɨpʼir	geʁɨpʼir	UNDER-OUT		pull, drag (from under smth)	вытащить (из-под чего-либо)		zad get geʁɨpʼiraj diwanaxla ; zad geʁɨpʼɨraj istʼul ; kʼɨtʼer jišikla geʁitʼir χɨlɨmar	зад гет гегъыпӀирай диванахьла ; зад гегъыпӀырай истӀул ; кӀытӀер йишикла гегъитӀир хылымар	Я вытащил кошку из-под дивана ; Я из-под тебя вытащила стол ; Я вытащил из-под курицы яйца	remove	убрать		maʁad geʁipʼa ; maʁad geʁipʼir xuqaχla ; nine geʁɨpʼir istʼul rɨšeχla	магъад гегъипӀа ; магъад гегъипӀир хьухъахла ; нине гегъыпӀир истӀул рышехла	Лестницу оттащи ; Лестницу убрали из-под дерева ; Мама убрала стул из-под ребенка	take away (calf from cow)	отнять (телёнка от коровы)		zas hɨgara qʼɨq geʁipʼes	зас гьыгара кьыхъ гегъипӀес	Я хочу отнять теленка (от коровы)								12	8	2023					Teli/Edera	f/f			
verb										1	AI		v21		géptɨr	gewiltara	geptasɨ	geptaʔ	gemewlɨt ~ gemewrɨt		гептыр	géptɨr	geptɨr	PV-take_pet		have a pet	заводить (животное)		zad dawarar geltɨr ; zad geptɨra get	зад даварар гелтыр ; зад гептыра гет	Я скот завела ; Я завел кошку																				12	8	2023					Teli/Edera	f/f			
verb										1	NB		v28		giwiqʼɨr	giwirqʼara	giwɨqʼas	giwɨqʼa	gimerwrɨqʼ	gidiqʼɨr / gijiqʼɨr	гивикьыр	giwiqʼɨr	giwiqʼɨr	PV-understand		understand	понимать		χɨnɨχ gijiqʼɨr χabarmɨχda	хыных гийикьыр хабармыхда	Мальчик понял новости																															
verb										1	NB		v29		giwχɨˤr	giwɨrχˤɨra	giwχˤɨs	giwχaˤ	gimawrɨˤχ	gitχɨˤr / giχɨˤr	гивхыӀр	giwχɨˤr	giwχɨˤr	UNDER-hit		meet (unintentionally)	встретить случайно, попасться		gɐdies rɨš girɨˤrχɨr	га̂диес рыш гирыӀрхыр	Мальчик девочку встретил	hide	прятаться		qʼul giwχɨra gitɨriχla	кьул гивхыра гитырихла	Мышь спряталась от кошки																									
verb										1	NB		v30		giwxir	giwilxera	giwxis	giwxʲa	gimewlixʲ	-	гивхьир	giwxir	giwxir	UNDER-put		hide, put	прятать		χaldɨ qʼɨxʲnuwa χuˤr giwirkʼa hawɨr jisɨrɨkla ; zad šijibɨr gixira krawataχda	халды кьыхьʼнува хуӀр гивиркӀа гьавыр йисырыкла ; зад шийибыр гихьира краватахда	Хозяйка спрятала муку от моли ; Я спрятала деньки под кровать	put under smth	ставить под что-либо		mihmanara giwxir sumkʼa ustʼulad qʼaneχda	мигьманара гивхьир сумкӀа устӀулад кьанехда	Гость поставил сумку под стол																									
verb										1	NB	gidibčira (ӀPFV ; hPL), gimedibč (PROH ; hPL)	v27		giwčir	gidibčira (HPL)	giwčes	giwči	gimedibč (HPL)	gitčir ~ gilčir / gilčir	гивчир	giwčir	giwčir	UNDER-jump		catch under	схватить снизу (например, за ногу)		qʼɨq zirɨχda giwčira ; χɨnɨχ jilabaχda gijčira	кьыхъ зирыхда гивчира ; хыных йилабахда гийчира	Телёнок сосёт корову ; Ребёнок схватился за ногу	go out for a dance	выйти танцевать		sin mihmanar xu gilčiraj dülqes	син мигьманар хьу гилчирай дуьлхъес	Все гости на свадьбе вышли танцевать																									
verb										1	AI	это глагол без классов и, видимо, с почти не употребляемыми формами перфектива (там для "испугался" есть ряд выражений, с этим глаголом или без него) ; ранее в колонку PFV было записано гичӀе-р-ий -- это, видимо, хабитуалис прошедшего времени, типа "боялся" ; у Та̂  в заметках за прошлые годы есть форма перфектива гичӀир, т ; е ; та же основа, что в масдаре ; видимо, она есть, но сами формы типа гичӀир(а) особо не используются ; в старой кининской таблице словаря на основе перфектива у него стоит *	v26		gičʼir (Ӏ/2/3/4)	gičʼera (Ӏ/2/3/4)	NO DATA	NO DATA	NO DATA		гичӀир (Ӏ/2/3/4)	gičʼir (Ӏ/2/3/4)	gičʼir (Ӏ/2/3/4)	be_afraid		fear	бояться		zas kučija hassa gičʼera	зас кучийа гьасса гичӀера	Я боюсь ходить по улице																															
verb										2	AI	мара = остался дома	v135		ʁabgɨr	ʁawɨrgar	ʁábgas	ʁábga	ʁamawrɨl	*	гъабгыр	ʁabgɨr	ʁabgɨr	OUT-stay		remain on the other side	остаться (на другом берегу)		zer sɨwaʔa ʁabgɨr	зер сываъа гъабгыр	Корова осталась в горах																				14	8	2023					Magomed	m			
verb										1	AI		v145		ʁawɨrsɨr	ʁawɨrsara	ʁowɨrsas ~ ʁawɨrsas	ʁawɨrsa	ʁamawɨrs ~ ʁamawrɨs		гъавырсыр	ʁawɨrsɨr	ʁawɨrsɨr	PV-be_burnt		be burnt	обгореть		pešita lurzune izdɨ uχun ʁawɨrsɨr ; izdɨ xesɨm ʁaršɨr	пешита лурзуне изды ухун гъавырсыр ; изды хьесым гъаршыр	Платье возле печки стояло, немного обожлось ; Мое лицо немного обгорело	donate	делать пожертвования		sadaqʼa ʁarsɨra ; zad ʁawɨrsɨra manut(bɨr) mazdike ; izdɨ gulǯijera sa manut ʁawɨrsɨra mazdikis ; zad čʼabal ʁawɨrsɨr	садакьа гъарсыра ; зад гъавырсыра манут(быр) маздике ; изды гулджийера са манут гъавырсыра маздикис ; зад чӀабал гъавырсыр	Раздавать садака ; Я пожертвовал деньги мечети ; Мой сосед рубль пожертвовал мечети ; Хочу пожервовать овцу (зарезать на пожертвование)													.	16	8	2023					Nazile	f			
verb										2	AI		v136		ʁáčutqur (4)	ʁáčʼulqara ~ ʁačʼutqara (4)	ʁáčʼutqas (4)	ʁáčʼutqa (4)	ʁačmalüq (4)	*	гъачутхъур (4)	ʁáčutqur (4)	ʁačutqur (4)	PV-comb		comb (wool)	чесать (шерсть, пух)		dɨn račulqara ; dɨn račʼutqas ; zad ʁáčʼurqʼara dɨnbɨr	дын рачулхъара ; дын рачӀутхъас ; зад гъа́чӀуркьара дынбыр	Расчесывать шерсть ; Будем расчесывать шерсть ; Я расчесываю шерсть																				14	8	2023					Magomed	m			
verb										1	AI	iPFV3 = ʁaˤjiχɨara	v137		ʁaˤwχɨˤr	ʁaˤwχɨˤra	ʁaˤwχɨˤs	ʁaˤwχɨˤ	ʁaˤmawχ	ʁaˤwɨχɨˤr, ʁaˤwɨχɨˤr	гъаӀвхыӀр	ʁaˤwχɨˤr	ʁaˤwχɨˤr	PV-smear		smear (grease on food)	мазать (жир на еду)		zad xɨwa χarad ʁáˤjχɨˤr ; zas buqʼejmɨ pamada ʁáˤjχɨˤr ; zad ʁejχɨr qʼɨš	зад хьыва харад гъа́ӀйхыӀр ; зас букьеймы памада гъа́ӀйхыӀр ; зад гъейхыр кьыш	Масло на хлеб я намазал ; Я намазала помаду на губы																				14	8	2023					Magomed	m			
verb										1	AI	только про животных ; пРИМЕРЫː zebɨr ʁaʔ (ʁaʔ) ; χɨnɨχ (ʁaʔ) ʁej χala ; выгони коров! (только много коров) Выгони мальчика из дома	v141		ʁewir	ʁawɨχara	ʁewis	ʁewijа ~ ʁewij	ʁamáwɨx	ʁaʔ ʁɨʔɨr, ʁaʔ ʁadɨr (ʁazɨr)	гъевир	ʁewir	ʁewir	OUT-let		make go out	выгнать																								14	8	2023					Magomed	m			
verb										1	AI		v138		ʁewqʼɨr	ʁewirqʼara	ʁewqʼas	ʁewqʼa	ʁemewrɨqʼ	ʁejqʼasɨ, ʁédɨqʼara	гъевкьыр	ʁewqʼɨr	ʁewqʼɨr	PV-be_enough		be enough	быть достаточным, хватать		zas ʁejirqʼara dawarar ; haˤmmiše sa zer ʁewqʼɨra ; zas a stakan čejed ʁewirqʼardɨš	зас гъейиркьара даварар ; гьаӀммише са зер гъевкьыра ; зас а стакан чейед гъевиркьардыш	Мне хватает скота ; Мне все время одной коровы хватает ; Мне никогда не хватает одного стакана чая																				14	8	2023					Magomed	m			
verb										1	AI	ʁewurkara Корова на меня ругается ; ʁeru(r)kur zɨ ʁerurkara tulɨjeχda ; zer qʼɨqaχda ʁewurkara ; корова ругается на теленка	v142		ʁewurkur	ʁewurkara	ʁewurkas	ʁewúrka	ʁemewurk ~ ʁemewruk	ʁedurkaraj люди ругаются, tɨʔlɨjmar ʁerurkaraj	гъевуркур	ʁewurkur	ʁewurkur	PV-yell		scold	ругаться		nin zaxda ʁerurkara zɨ ʁaʔ ɨχɨra xur ; nin zirɨχda ʁerurxara ; ʁeru(r)kur zɨ ʁerurkara tulɨjeχda ; zer qʼɨqaχda ʁewurkara	нин захьда гъеруркара зы гъаъ ыхыра хьур ; нин зирыхда гъерурхьара ; гъеру(р)кур зы гъеруркара тулыйехда ; зер кьыхъахда гъевуркара	Мама меня поругала за то, что я вышел ; Мама ругает корову ; Корова на меня ругается ; Корова ругается на теленка	bark	лаять		tʼɨla haˤmmiše ʁewurkara wuš gɨde jirqʼɨga	тӀыла гьаӀммише гъевуркара вуш гыде йиркьыга	Собака все время лает, когда кто-то приходит														14	8	2023					Shaheddin	m			
verb										1	AI		v140		ʁewčʼur	ʁebčʼura	ʁewčʼus	ʁéwičʼ	ʁemewüčʼ ~ ʁeméwičʼ ~ ʁemebč ~ ʁamaˤbʁ	ʁélʲčʼur, ʁéčʼur	гъевчӀур	ʁewčʼur	ʁewčʼur	OUT-move		go out	выйти		hejwan ʁewčʼur wihʲa ; χɨnɨχ ʁečʼur ; zɨ χala aʁa ʁebčʼura	гьейван гъевчӀур вигьʼа ; хыных гъечӀур ; зы хала агъа гъебчӀура	Конь вышел из сарая ; Мальчик вышел ; Я вышел из дома																				14	8	2023					Magomed	m			
verb										1	AI		v139		ʁeqewčʼur	ʁeqebčʼura	ʁeqewčʼus	ʁeqéwičʼ	ʁeqmewüčʼ ~ ʁeqmebčʼ ~ ʁaqmoˤwuˤʁ	ʁeqélʲčʼur, ʁeqéčʼur	гъехъевчӀур	ʁeqewčʼur	ʁeqewčʼur	OUT-RE-move		go out	выйти (снова)		hejwan wičʼ ʁeqewčʼur ; mihtaba χɨnɨχ ʁeqečʼur	гьейван вичӀ гъехъевчӀур ; мигьтаба хыных гъехъечӀур	Конь снова вышел из сарая ; Мальчик вышел школы из снова																				14	8	2023					Magomed	m			
verb										2	AI	глагол непереходный и не различается по классам! (подтвердили 3 информанта) ; был объединён с глаголом ʁilχera (бить (осла), id Ӏ98), это просто форма ӀPFV	v143		ʁíxir (4)	ʁilxera (4)	ʁiwxis	ʁixʲa (4)	ʁemelixʲ (4)		гъихьир	ʁíxir (4)	ʁixir (4)	PV-beat		beat	побить		hejwanara ʁixir χɨnɨχ ; χɨnχɨna ʁixir hejwanas ; nine χɨnχɨs / rišes ʁixir ; wad halɨs ʁɨlχera? ; χɨnχɨra qʼɨqas ʁixir ; zirɨra qʼɨqas ʁíxir ; zas χɨnχɨs ʁilxera ; zas qʼiqas ʁilxera	гьейванара гъихьир хыных ; хынхына гъихьир гьейванас ; нине хынхыс / ришес гъихьир ; вад гьалыс гъылхера? ; хынхыра кьыхъас гъихьир ; зирыра кьыхъас гъи́хьир ; зас хынхыс гъилхьера ; зас кьихъас гъилхьера	Лошадь побила мальчика ; Мальчик побил лошадь ; Мама побила мальчика / девочку ; Кого ты бьешь? ; Мальчик побил телёнка ; Корова побила телёнка ; Я бью мальчика ; Я бью теленка																				16	8	2023					Nazile	f			
verb										1	AI		v144	*	ʁowgur	ʁowubgura ~ ʁowurgara	ʁowgus ~ ʁowgas	ʁowga	ʁamowrug ~ ʁomowrug	HPL/APL	гъовгур	ʁowgur	ʁowgur	PV-see		see	видеть		zas bukva ʁowurgara ; zas ʁejʁa bɨga ʁargusɨ izdɨ rɨš	зас букvа гъовургара ; зас гъейгъа быга гъаргусы изды рыш	Я вижу букву ; Я скоро увижу свою дочку																				14	8	2023					Shaheddin	m			
verb										1	AI	ʁowʁura – ʁabʁur – ʁowgusɨ – ʁowʁa – ʁamabʁа ; проверить третий пример	v146		ʁowʁur	ʁabʁura	ʁowʁus	ʁowʁa	ʁamabʁа		гъовгъур	ʁowʁur	ʁowʁur	OUT-shift		make do	заставлять		zad harjiʁa ʁabʁura had	зад гьарйигъа гъабгъура гьад	Я его заставил это делать	bloom, hatch	распуститься, вылупиться		bɨčʼbɨr ʁabʁura ; šaraqmar ʁabʁura	бычӀбыр гъабгъура ; шарахъмар гъабгъура	Цветы распускаются ; Цыплята вылупляются	make go out	выпускать		zad zer ʁowʁur	зад зер гъовгъур	Я выпустил корову								16	8	2023					Nazile	f			
verb										1	KF	с одушевленным не сочетается	v36		hábtʼur	warátʼura	hábtʼus	hábtʼʷa	mówrutʼ	*	гьабтӀур	hábtʼur	habtʼur	cut		cut	резать		sa tike hatʼwa!	са тике гьатӀва!	Отрежь кусок!	cut (fabric)	кроить		ɢariera uχun habtʼur	къариера ухун гьабтӀур	Хозяйка раскроила платье	cut hand, finger	порезать руку, палец		zad jak sereχadi, tʼili haptʼur	зад йак серехади, тӀили гьаптӀур	Я резал мясо и порезал палец															Нурулла				
verb										1	KF	hárcɨr ~ hársɨr, hararsɨr, hárcara	v7		hawársɨr ~ hawárcɨr	hawárcara	háwarcas	háwarca	homówɨrc	NO	гьаварсыр ~ гьаварцыр	hawársɨr ~ hawárcɨr	hawarsɨr ~ hawarcɨr	PV-search_for		search (intr.)	искать (неперех.)	abs, post-ess	hawajena hamarɨs, aqɨwgas diš badu ; zer uqʼuχda hawarsɨr	гьавайена гьамарыс, ахъывгас диш баду ; зер укьухда гьаварсыр	Не ищи, лучше штанов нет (не найдёшь) ; Корова сено поискала	hang around	искать возможность что-то стащить, крутиться около		ǯacʼad edemi tukanad hara χuʔ harsara	джацӀад едеми туканад гьара хуъ гьарсара	Неизвестный мужик крутится около магазина																					Назиле				
verb										1	KF, MD		v37		hápχɨˤr	NO DATA [wurúʔura]	NO DATA [wurúʔus]	wɨrɨ́χ(a)	máˤwuʁˤ ~ móˤwuˤʁ	NO	гьапхыӀр	hápχɨˤr	hapχɨˤr	leave		leave	уходить, уезжать		zad tɨlije dahar sɨˤwχɨˤjne, tɨla haˤbχɨˤr	зад тылийе дагьар сыӀвхыӀйне, тыла гьаӀбхыӀр	Я в собаку бросил камень и она ушла																											Нурулла				
verb										1	KF		v38		hiwígɨr	hiwírgara	hiwígas	hiwíga	himéwrig	*	гьивигыр	hiwígɨr	hiwigɨr	PV-make_go_out		make go out	выгнать		wɨɣlira ɢari hirigɨr χalaː	выгӀлира къари гьиригыр халаа	Муж жену выгнал из дома	go somewhere	поехать (куда-либо)		mašin hiwigɨr mɨˤχɨˤ hɨxɨr	машин гьивигыр мыӀхыӀ гьыхьыр	На машине в Рутул поехал																					Нурулла				
verb										1	AA	hubgʷar (ӀPFV ; 3) не признала	v40		húbgur	wurúgar	húbgas	húbga	máwrug ~ mówrug	дуьруьдгера (людей), руьдгера (баранов)	гьубгур	húbgur	hubgur	slauther		slaughter	резать барана		ʁijʁa ixdɨ šura zas čʼabal hubgasɨ	гъийгъа ихьды шура зас чӀабал гьубгасы	Сегодня мой брат зарежет мне барана																											Назиле				
verb										1	AA		v41		húbqʼur	wurúqʼara	húbqʼas	húbqʼʷa	máwruqʼ	сывбыр рукьвара, дуьруькьера — заплыли жиром, зебыр руькьвера	гьубкьур	húbqʼur	hubqʼur	crumble		crumble, fall through	осыпаться, проваливаться (земля проваливается из-под ног)		naqʼa miʔarasadɨ čʼub hubqʼuraj	накьа миъарасады чӀуб гьубкьурай	Вчера земля внутри (лунки на горе) сыпалась	become fat	заплывать жиром		mibišdɨ χizɨnde sijenabɨr dürüqʼera	мибишды хизынде сийенабыр дуьруькьера	В их семье все жирные																					Назиле				
verb										1	AA	только сгореть, нельзя жечь (для жечь только каузативная конструкция)	v42		húpxur	wurxʷara	húpxʷas	hupxa ~ hupxʷa	mawurx ~ mawrux	гьуьрхьера (животные), дуьруьтхьера (люди)	гьупхьур	húpxur	hupxur	burn		burn (incl oneself)	гореть		izdɨ uχun hupxur ; wɨ haːsa hurxʷa!	изды ухун гьупхьур ; вы гьааса гьурхьва!	Моё платье сгорело ; [В ссоре:] Ты так и сгори!																											Назиле				
verb										1	KF	это странный глагол, у которого формы wɨ́lcʼar ~ hɨ́lcʼar ~ hɨwɨ́lcʼar используются для трех классовː Ӏ, 3, 4	v39	h	hɨwɨ́r	wɨ́lcʼar ~ hɨ́lcʼar ~ hɨwɨ́lcʼar (Ӏ/3/4)	hɨwɨ́s	wáka ~ wíjaʔ	mówlɨcʼ ~ máwlɨcʼ	*	гьывыр	hɨwɨ́r	hɨwɨr	give		give	дать		artuχdɨ usbɨr ɢunšijes hɨwɨr	артухды усбыр къуншийес гьывыр	Лишние дрова отдал соседу																											Нурулла				
verb										1	NB		v31		gʲaʁačʼipχɨr	gʲaʁačʼwɨlχara	gʲaʁačʼipχas	gʲaʁačʼipχa	gʲaʁmelʲwičʼ	gʲaʁačʼitχɨr / gʲaʁačʼitχɨr	гʼагъачӀипхыр	gʲaʁačʼipχɨr	gʲaʁačʼipχɨr	PV-slide		slide, slip	скользить		zɨ gʲaʁačʼirχɨraj qutʼud ǯigɨjaː saʔ	зы гʼагъачӀирхырай хъутӀуд джигыйаа саъ	Я подскользнулся на горке																															
verb										1	NB	было значение "воткнуть" -- не записали, мб нету	v32		gʲowʁur	gʲabʁura	gʲowʁus	gʲowʁa	gʲamabʁu	gedʁɨr / gelʁɨr	гʼовгъур	gʲowʁur	gʲowʁur	UNDER-shift		betray	предать		edemira gʲowʁurʔaj ǯudu muˤɢ	едемира гʼовгъуръай джуду муӀкъ	Мужчина предал своё село	pee oneself	описаться (о ребёнке)		zur gʲaʁura	зур гʼагъура	Описался																									
verb										1	KF		v33		gʲówɢɨr	gʲowaɢara ~ gʲówɨrɢara	gʲówɢas	gʲówɢa	gʲamáwlɨɢ+ ~ gʲomówɨrɢ	HPL+APL	гʼовкъыр	gʲówɢɨr	gʲowɢɨr	PV-look		look	смотреть		tɨlɨ tinʲaː miʔ gʲowɨrɢara ; gedʲaɢa ixdɨ mihmanar diʔi	тылы тиняя миъ гёвыркъара ; гедякъа ихьды мигьманар диъи	Собака смотрит оттуда сюда ; Смотрите, вон едут наши гости																											Нурулла				
verb										1	AA		v15		éwčʼir	éwičʼera	ewčʼes ~ éwičʼes	éwičʼe	eméwičʼ	*	евчӀир	éwčʼir	ewčʼir	PV-chew		chew, munch	жевать		cʼihira baʁdʲa kalʲam ewičʼeraj ; χɨnχɨra gɨwɨlibɨr ejčʼera	цӀигьира багъдʼа калʼам евичӀерай ; хынхыра гывылибыр ейчӀера	Коза жует капусту в огороде ; Ребенок жует сливы																											Нурулла				
verb										1	AA		v19		éwčʼur	óˤwʁura ~ áˤbʁura ~ ébčʼura	éwčʼus	ewíčʼ	amóˤwuʁ ~ aˤmábʁ		евчӀур	éwčʼur	ewčʼur	INSIDE-move		enter	входить		rɨš χala erčʼura	рыш хала ерчӀура	Девочка зашла в дом																											Нурулла				
verb										2	AA		v18		eʁwíjir	aʁwɨ́χara	eʁwíjis	eʁwíj(a)	oˤʁmówɨʁ ~ aʁmówɨʁ	NO	егъвийир	eʁwíjir	eʁwijir	INSIDE-OUT-let		make go out	выгнать		zer wixʲaː eʁʷíjir / ʁaʔ ʁéwir	зер вихьʼаа егъви́йир / гъаъ гъе́вир	Корову выгнали из хлева	pull out	вытащить		daʁar eʁʷijir	дагъар егъвийир	Вытащил камень																					Нурулла				
verb										1	AA	*оӀвгъа (imper)	v16		eʁéwčʼur	oˤʁówʁura ~ aˤʁábʁura	eʁewčʼus	eʁéwčʼeʔ ~ éʁwičʼ	oˤʁmóˤwuʁ ~ eʁmébčʼ	NO	егъевчӀур	eʁéwčʼur	eʁewčʼur	INSIDE-OUT-move		go out	выйти		did χalaː ʁa eʁečʼur ; eʁelʲčʼur	дид халаа гъа егъечӀур ; егъелʼчӀур	Отец вышел из дома ; Выходят (люди из дома)	resettle	уехать, перехать из какого-либо места		ɢina eʁijičʼ mɨχaˤ suqʼʷa	къина егъийичӀ мыхаӀ сукьва	Уезжай из Кины, поселись в Рутуле																					Нурулла				
verb										1	AA		v17		eʁípxur	eʁwípxura	eʁípxus	eʁépx	ʁimépx		егъипхьур	eʁípxur	eʁipxur	INSIDE-OUT-fall		fall out of smth	выпадать (откуда-либо), выскакивать		ǯiba gulegʲbɨr eʁitxur	джиба гулегʼбыр егъитхьур	Ключи выпали из кармана																											Нурулла				
verb										1	AA	чӀумо̂л - тоненький прутик, из которого веник делают, такая засохшая былинка	v44		íbtʼɨr	iwíltʼara	íbtʼas	íbtʼa	iméwrɨtʼ	илт1ыра, илт1ыра	ибтӀыр	íbtʼɨr	ibtʼɨr	INSIDE-tie		tie (objects)	связывать (предметы)		naqʼa ixdɨ cʼih iptʼɨr ; naqʼa ixdɨ cʼihid ʁil iptʼɨr ; zad čʼumlumɨd xɨrɨs iptʼɨr	накьа ихьды цӀигь иптӀыр ; накьа ихьды цӀигьид гъил иптӀыр ; зад чӀумлумыд хьырыс иптӀыр	Вчера нашей козе завязали (рану) ; Вчера моей козе ногу перевязали ; Я из тонких палочек веник связал																											Назиле				
verb										1	AA		v45		íwxir	iwílxera	íwxis	íwxʲa ~ íwxe	iméwlixʲ	*	ивхьир	íwxir	iwxir	INSIDE-put		put	положить внутрь		zad xɨw iwilʲxera paketa	зад хьыв ивилʼхьера пакета	Я кладу хлеб в пакет																											Назиле				
verb										1	AA		v43		ípxur	iwírxura	ípxus	ípxʷa	imépxʷ	итхьура, итхьура,	ипхьур	ípxur	ipxur	INSIDE-fall		fall in	провалиться, падать внутрь		irxʷa!	ирхьва!	[В ссоре:] Чтоб ты провалился!	appear, got caught	появляться, оказываться, попадать		čʼankʼa ipxur si	чӀанкӀа ипхьур си	Медведь в капкан попался																					Назиле				
verb										1	AA		v48		jíbʁɨr	wiríʁara	jíbʁas	jíbʁa	méwrɨʁ	PFV - NO, IPFV - NO	йибгъыр	jíbʁɨr	jibʁɨr	wash		wash	мыть		zad riʁara ɢabɨr	зад ригъара къабыр	Я мою посуду																											Назиле				
verb										1	AA, MD		v47		jíbqʼɨr	NO DATA [wurúʔura]	wɨ́qʼas	wɨ́qʼa	máˤwuʁˤ ~ móˤwuˤʁ	PFV - NO, IPFV — NO, FUT - NO, PROH - NO	йибкьыр	jíbqʼɨr	jibqʼɨr	come		come	прийти, приехать		baʁde jibqʼɨra cʼih ; ele damaː saʔ si jibqʼɨr	багъде йибкьыра цӀигь ; еле дамаа саъ си йибкьыр	В огород пришла коза ; Оттуда из леса медведь пришел	bring	принести		hanuw jibqʼɨr xɨw	гьанув йибкьыр хьыв	Он принес хлеб																					Назиле				
verb										1	AA		v46		jíbkʼur	wiríkʼʷara ~ jiwírkʼʷara	jíbkʼʷas	jibkʼʷa	méwrikʼʷ ~ méwrükʼ	*	йибкӀур	jíbkʼur	jibkʼur	enclose		fence off	огородить, перегородить		dawatmɨd badaːna raˤq jibkʼura	даватмыд бадаана раӀхъ йибкӀура	Из-за свадьбы дорогу перегородили	wean (baby from breast, calf from cow)	отнять (ребёнка от груди, телёнка от коровы)		ixdɨ gel jibkʼʷas ninɨklʲa	ихьды гел йибкӀвас ниныклʼа	Нашего ягненка надо отнимать от матери																					Назиле				
verb										1	AA	привязать - сибтӀыр, а так нельзя	v49		jíbtʼɨr	wirítʼara	jíbtʼas	jíbtʼa	méwitʼ	йилт1ыр	йибтӀыр	jíbtʼɨr	jibtʼɨr	tie		hobble (horse)	стреножить (лошадь)		hejwanad ʁilabɨr jitʼɨr	гьейванад гъилабыр йитӀыр	Лошадь стреножили	sting	ужалить		duχarɨs ʁubaʁ jibtʼɨra ; ɣar jibtʼɨr, čʼabal wiqʼiraj owʁúla	духарыс гъубагъ йибтӀыра ; гӀар йибтӀыр, чӀабал викьирай овгъу́ла	Сына пчела ужалила ; Змея ужалила — овца умерла	hypnotize	гипнотизировать		kaldunara jirtʼɨs zɨ	калдунара йиртӀыс зы	Колдун меня загипнотизировал									привязать???						Назиле				
verb										1	AA		v50		jiwígɨr ~ hiwígɨr	jiwírgara ~ hiwírgara	hiwígas	hiwíga	himéwrig	NO	йивигыр ~ гьивигыр	jiwígɨr ~ hiwígɨr	jiwigɨr ~ hiwigɨr	push		chase	гнать		neχɨrqanera jirgara dawarar xɨnas	нехырхъанера йиргара даварар хьынас	Пастух гонит скот на пастбище	push	толкать		ješʲik hiwiga tiʔ	йешʼик гьивига тиъ	Ящик дальше толкай																					Назиле				
verb										1	AA		v51		jiwíqʼɨr ~ hiwíqʼɨr	jiwírqʼara ~ hiwírqʼara	hiwíqʼas	hiwíqʼa	himéwriqʼ	*	йивикьыр ~ гьвикьыр	jiwíqʼɨr ~ hiwíqʼɨr	jiwiqʼɨr ~ hiwiqʼɨr	ripen		ripen	созревать		ixdɨ baʁdʲadɨ ečbɨr hasːa hiqʼɨra	ихьды багъдʼады ечбыр гьасса гьикьыра	В наших садах яблоки так поспели хорошо	get drunk	опьянеть		minowdɨ jiwiqʼɨra	миновды йивикьыра	Уже успел набраться																					Назиле				
verb										1	AA		v52		jíˤwχɨˤr	wɨrɨ́χaˤr	jíˤwχɨˤs	jɨ́ˤwχ(a)	máˤwrɨχ ~ máwrɨˤχ	йилхы1р, йилхы1р, IPFV - NO	йиӀвхыӀр	jíˤwχɨˤr	jiˤwχɨˤr	hit		hit, kill	ударить, стрелять		χɨnχɨra ʁijʁa jɨˤwχɨˤr ʁɨˤrč	хынхыра гъийгъа йыӀвхыӀр гъыӀрч	Мальчик сегодня застрелил тура	dig	копать		mij máwrɨˤχ ɢuj, wɨte aˤpqas maddɨ ɢuj	мий ма́врыӀх къуй, выте аӀпхъас мадды къуй	В этом месте не копай, давай в другом месте выкопаем	ring	звенеть		budilьnik rɨˤχɨˤra	будильник рыӀхыӀра	Будильник звенит	play musical instrument	играть на музыкальных инструментах		maˤhammada saz wɨrɨˤχɨˤra	маӀгьаммада саз вырыӀхыӀра	Магомед играет на чугуре									Назиле	когда одна у нее была			
verb										1	AI	iMP ; Ӏ = kerka	v55		kewírkɨr	kewirkara	kewirkas	kewirka	kemewrɨk	kerkɨr, kedirkɨr	кевиркыр	kewírkɨr	kewirkɨr	PV-be_late		delay	задержаться		χɨnɨχ mihʲtaba kerkasɨ	хыных мигьʼтаба керкасы	Ребенок в школе задерживается (поздно придёт)	be late	опоздать		χɨnɨχ kerqɨr mihʲtaba ; zɨ kerkasɨ güzet maʔ	хыных керхъыр мигьʼтаба ; зы керкасы гуьзет маъ	Мальчик опоздал в школу ; Я опоздаю, не жди меня														13	8	2023					Nazile	f			
verb										1	AI		v57		keʁwíjir	kʲaʁwɨχara	keʁwijis	keʁwi	kʲaʁmowɨχ ~ kʲaʁmawɨχ	zad neqʼa kʲaʁɨʔɨr dawara, kʲaʁdɨʔɨr χɨnimer	кегъвийир	keʁwíjir	keʁwijir	SURF-OUT-let		separate, chop off	отделить, отрубить (ветку)		χukad dal keʁijir ; zad mid dal keʁijisɨ ; zad keʁwíjir eč	хукад дал кегъийир ; зад мид дал кегъийисы ; зад кегъви́йир еч	Он срубил ветку дерева ; Я отрублю эту ветку ; Я сбил яблоко	wake smb up	разбудить		wɨɣlira laʔ keʁrijir ɢari	выгӀлира лаъ кегърийир къари	Муж разбудил жену														15	8	2023					Edera/Teli	f			
verb										1	AI		v56		keʁéwčʼur	keʁébčʼura	keʁewčʼus	keʁwičʼ	keʁméwčʼ	keʁéčʼur, keʁélčʼur	кегъевчӀур	keʁéwčʼur	keʁewčʼur	SURF-OUT-move		quit (habit)	бросать (о дурной привычке)		pʼapʼrɨsakla keʁijičʼ! ; ʁarɨm mɨklʲa wɨ keʁijičʼ!	пӀапӀрысакла кегъийичӀ! ; гъарым мыклʼа вы кегъийичӀ!	Брось курить! ; Бросай пить!	wade in	перейти вброд		lecʼura tiʔ zer keʁewčʼur ; lecʼura keʁwičʼ! ; lecʼura keʁijičʼ!	лецӀура тиъ зер кегъевчӀур ; лецӀура кегъвичӀ! ; лецӀура кегъийичӀ!	Корова прошла через реку ; [Корове:] пройди через реку! ; [Человеку:] пройди через реку!	separate (from group, herd)	отделиться (от группы, стада)		sa qʼabal süriekla ʁaʔ keʁwij ; cʼɨ sürija keʁewčur abxɨr	са кьабал суьриекла гъаъ кегъвий ; цӀы суьрийа кегъевчур абхьыр	Одного барашка со стада отдели ; От отары отделилась коза								13	8	2023					Nazile	f			
verb										1	AI		v58		keʁípʼir	keʁʷilera	keʁipʼes	keʁipʼe	keʁmewliʔ ~ keʁmewriʔ	kʲaʁitʼir zerbɨr, keʁitʼir telebejir	кегъипӀир	keʁípʼir	keʁipʼir	PV-choose		choose	выбрать		zad keʁipʼir mi badur ; gɐdijera rɨš keʁirir(a) ; had kirqʼɨr muˤqʼa rɨš keʁirɨs	зад кегъипӀир ми бадур ; га̂дийера рыш кегъирир(а) ; гьад киркьыр муӀкьа рыш кегъирыс	Я выбрала эти брюки ; Мальчик выбрал девочку (взял в жены) ; Он приехал в село выбрать себе девушку																				13	8	2023					Nazile	f			
verb										1	AI	iPFV ; 3 lɨjčir прыгать	v59		keʁowčir	kʲɐʁʷopčira	kʲaʁowčis	kʲaʁówč	kʲaʁmówrič	kʲaʁalčisɨ, kʲaʁalčisɨ	кегъовчир	keʁowčir	keʁowčir	SURF-OUT-jump		get mad	взбеситься		hej, wɨ šiwi kʲaʁɐjčid? ; zad tɨʔa bizarawɨr, had keʁówčir ; sürija keʁowčir, haˤpχɨr	гьей, вы шиви кʼагъа̂йчид? ; зад тыъа бизаравыр, гьад кегъо́вчир ; суьрийа кегъовчир, гьаӀпхыр	Ты чего взбесился? ; Я подразнил собаку, и она взбесилась ; Баран взбесился, убежал	to separate from herd	отделиться от стада (про скот)		sürija keʁowčir	суьрийа кегъовчир	Баран отделился (от стада)														15	8	2023					Edera/Teli	f			
verb										1	AA	тух йишин -- наедаться (из алисултанова)	v53		keqléwčʼur	keqlebčʼura ~ kʲaqlʲaˤbʁura	keqléwčʼus	keqwíčʼ	keqméwlüčʼ	кехълелч1ур, IPFV с фарингализацией, но без упереднения — кяхъляду1бгъу1ра	кехълевчӀур	keqléwčʼur	keqlewčʼur	SURF-RE-OUT-move		finish	закончить (дело)		mahaˤmmad gʷalaχaklʲa keqlečʼur χala qirqʼɨr ; zer tuχ wišir keqlewčʼur	магьаӀммад гвалахаклʼа кехълечӀур хала хъиркьыр ; зер тух вишир кехълевчӀур	Магомед закончил работу и вернулся домой ; Корова наелась, закончила (есть)	get out of water	выйти (из воды)		get xija ʁaʔ keqlewčʼur	гет хьийа гъаъ кехълевчӀур	Кошка из воды вышла																									
verb										1	NB		v77		keqliwir	kʲaqlɨwɨχara	keqliwis	keqliwi	kʲaqlamawɨχ	-	кехъливир	keqliwir	keqliwir	SURF-RE-OUT-let		extinguish	тушить		habiši rɨˤɢːa kʲaqlijiraj cʼaj	гьабиши рыӀкъːа кʼахълийирай цӀай	Они затушили огонь на дороге	erase	стирать (написанное на доске)		ʁijʁa mi rɨšira kʲaqlaχara dosgɨjila	гъийгъа ми рышира кʼахълахара досгыйила	Сегодня эта девочка стирает с доски																									
verb										2	AI		v54		keqlípʼir	keqlíwilera	keqlípʼes	keqlípʼe	keqlemewliʔ	keqlitʼira, keqlitʼira	кехълипӀир	keqlípʼir	keqlipʼir	SURF-RE-OUT-pull		unbind (tr)	отвязывать		zad hejwan keqlipʼira ; keqlíre χɨnɨχ!	зад гьейван кехълипӀира ; кехъли́ре хыных!	Я отвязал коня ; Отвяжи ребенка!																				13	8	2023					Nazile	f			
verb										1	AI		v60		kibʼtʼɨr	kiwiltʼara	kibʼtʼas	kibʼta	kemewlitʼ	kíltɨr, kíltɨr	кибтӀыр	kibʼtʼɨr	kibʼtʼɨr	SURF-tie		hang (tr.)	вешать		čʼil uulasa kipʼta	чӀил ууласа кипӀта	Ремень повесь на вешалку	bind	привязывать		zad wɨ gɨwaratak kitʼasɨ ; hanowa tʼɨla kiptʼɨra	зад вы гываратак китӀасы ; гьанова тӀыла киптӀыра	Я тебя привяжу к кровати (ребёнка в шутку пугают, чтобы успокоился) ; Она привязала собаку														13	8	2023					Nazile	f			
verb										1	NB		v69		kiwikɨr	kiwirkara	kiwikas	kiwika	kimewrik	kidikɨr / kikɨr	кивикыр	kiwikɨr	kiwikɨr	PV-be_similar		be similar, resemble	быть похожим		χɨnɨχ mibišik kikara	хыных мибишик кикара	Мальчик похож на домашних																															
verb										1	NB		v70		kiwir	kiwiχara ~ kiwχara	kiwis	kiwij ~ kiwija	kimawɨχ	kidira / kiʔɨra	кивир	kiwir	kiwir	SURF-let		add	добавлять		qʼel kiwira ; pisuk kijir	кьел кивира ; писук кийир	Соль добавил ; Положил песок в стакан	put down	забросить (удочку)		qʼasdɨ edemijera xijik kijira baluʁmar χelqʼed kar	кьасды едемийера хьийик кийира балугъмар хелкьед кар	Старик забросил удочку в озеро	lay down	уложить спать		nine aː kirira rɨš	нине аа кирира рыш	Мать уложила дочь спать																			
verb										2	AI	keʁípxur было написано в ПФВ, видимо по ошибке ; судя по а̂лисултанову PFV должно бытьː кивирхьыр ; соответственно, форма кивирхьыра в ӀPFV выглядит сомнительно	v65		NO DATA	kiwirxara ~ kiwírxɨra	kiwirxas	kiwirxa	kimewrix	kirxara, kidirxara	кивирхьара ~ кивирхьыра (ӀPFV)	kiwirxara ~ kiwírxɨra (ӀPFV)	kiwirxara ~ kiwirxɨra (ӀPFV)	PV-beg		beg	попрошайничать		qʼarčejid χɨdɨldɨ kirirxara ; zer keʁíbxuraj	кьарчейид хыдылды кирирхьара ; зер кегъи́бхьурай	Цыганская женщина попрошайничала ; Корова попрошайничает (просит еду)																				13	8	2023					Aga	m			
verb										1	NB		v73		kiwxir	kiwilxera	kiwxis	kiwxe	kimewrix	kidxir / kilxir	кивхьир	kiwxir	kiwxir	SURF-put		write	писать		qʼaˤsdɨ edemijera kixira eχtiled ǯudu ʔuˤmuˤrdilkadɨ	кьаӀсды едемийера кихьира ехтилед джуду ъуӀмуӀрдилкады	Старик написал рассказ о своей жизни	bury	хоронить		edemijera kixira ǯudɨ bɐbɐdid ; kixis maʔ tɨlɐjmar	едемийера кихьира джуды ба̂ба̂дид ; кихьис маъ тыла̂ймар	Похоронил своего деда ; Не хорони своих собак	ferment milk	квасить молоко		babaje kiwxira nek	бабайе кивхьира нек	Бабушка заквасила молоко																			
verb										1	NB	украсть залезать внутрь массы	v68		kiwčir	kipčira	kiwčes	kiwča ~ kiwč	kimewič	kilčir / kilčir	кивчир	kiwčir	kiwčir	SURF-jump		pick (fruits)	сорвать (плод)		χɨbɨk sürijek kiwčir	хыбык суьрийек кивчир	Человек сорвал яблоко с дерева ; На овечье стадо напал медведь	jump into water	прыгнуть в воду		tɨla kiwčira xijik	тыла кивчира хьийик	Собака прыгнула в воду	get into garden	залезть в огород		χɨnɨχ kijčira baʁdikʲ	хыных кийчира багъдикʼ	Мальчик залез в огород																			
verb										1	AI	zad zerɨ kíqʼɨr ; pROHː kümewürčʼ ; kimebčʼ к человеку kümewič kimewič ; в ӀMP было записаноː kíwičʼa kíwič | kíjič | kíwičʼawa ; в PROH было записаноː kümewürčʼ ; kimebčʼ к человеку kümewič kimewič	v67		kiwčʼur	kiwčʼura ~ kʲáʁuˁra ~ kʲábʁuˁra ~ kʲówʁuˁra ~ kʲówubʁuˁra	küwčʼus	kíwičʼa ~ kíwič	kümewürčʼ ~ kimebčʼ ~ kümewičʼ ~ kimewičʼ	küčʼura, külčʼura	кивчӀур	kiwčʼur	kiwčʼur	SURF-move		begin	начать		kijčʼ gʷalaχas ; zas χalbɨr haʔas kičʼur ; dars kičʼur ; majlis kiwčʼur / kipʼir ; maˤʔlim kirčʼur darcʼak	кийчӀ гвалахас ; зас халбыр гьаъас кичӀур ; дарс кичӀур ; майлис кивчӀур / кипӀир ; маӀълим кирчӀур дарцӀак	Начни работать ; Я начал строить дома ; Урок начался ; Мероприятие началось ; Учительница начала урок	get in (into the water))	залезть (в воду)		zɨ xijek küčʼuraj	зы хьийек куьчӀурай	Я полез в воду														14	8	2023					Magomed	m			
verb										1	AI		v64		kíwɨqʼɨr	kiwírqʼara	kiwíqʼas	kíwiqʼa	kimérwiqʼ	kidiqʼɨr, kiiqʼɨr. Слышится kiʔiqʼɨr	кивыкьыр	kíwɨqʼɨr	kiwɨqʼɨr	SURF-come		touch (intr.)	дотрагиваться (неперех.)		zad zirɨ χɨl kíqʼɨr ; zirɨra xijik bukʼbɨr kíwiqʼɨr ; zer kíwɨrqʼara masalɨk ; masalɨk kiwɨqʼa ; zad zerɨ χɨl kíqʼɨr ; nin kiriqʼɨr χɨnχɨk ; nine χɨl kiqʼɨr zirek	зад зиры хыл ки́кьыр ; зирыра хьийик букӀбыр ки́викьыр ; зер ки́выркьара масалык ; масалык кивыкьа ; зад зеры хыл ки́кьыр ; нин кирикьыр хынхык ; нине хыл кикьыр зирек	Я корову рукой тронул ; Корова коснулась воды губами ; Корова касается стенки ; [Корове: ] Касайся стены ; Мать потрогала ребенка ; Мать потрогала корову рукой																				13	8	2023					Aga	m			
verb										1	NB		v71		kiwɨr	kiwɨlcʼara	kiwɨs	kiwija	kimowlɨcʼ	kʲadɨr ~ kʲatʼɨr / kiʔɨr	кивыр	kiwɨr	kiwɨr	SURF-give		breast feed	давать грудь		tʼitʼ kiwija!	тӀитӀ кивийа!	Покорми грудью!																															
verb										1	NB		v72		kiwɨχɨr	kiwɨrχara	kiwɨχas	kiwɨχa	kimelwɨx	kidiχɨra / kijiχɨra	кивыхыр	kiwɨχɨr	kiwɨχɨr	hang		be hanging	висеть		eč kiwiχɨra ; walɨg wečalkajiχda kijiχɨra	еч кивихыра ; валыг вечалкайихда кийихыра	Яблоко висело ; Одежда висела																															
verb										1	AI	*Χɨnɨχ kiʁírxur	v66	kipʼes kipʼčura	kiʁípxur ~ keʁípxur	kiʁwirxura ~ keʁwipxura	kiʁipxus ~ keʁibxus	kiʁípxʷa ~ keʁibxʷa	kiʁmewrɨx ~ keʁmewrux		кигъипхьур ~ кегъипхьур	kiʁípxur ~ keʁípxur	kiʁipxur ~ keʁipxur	SURF-OUT-fall		fall down	упасть, опрокинуться		χukala eč kiʁíbxuraj ; sɨwala dahar kiʁíbxuraj ; dama ze saʔ kiʁíbxuraj	хукала еч кигъи́бхьурай ; сывала дагьар кигъи́бхьурай ; дама зе саъ кигъи́бхьурай	Яблоко с дерева упало ; С горы камень упал ; Корова упала из леса	wake up	просыпаться (утром)		zɨ ʁejʁa neqʼʲa qɨb keʁirxur ; χɨnɨχ neqʼa keʁírxur	зы гъейгъа некьʼа хъыб кегъирхьур ; хыных некьа кегъи́рхьур	Я сегодня утром рано проснулся ; Мальчик со сна проснулся	untie oneself	самостоятельно отвязаться (о скоте)		hakɨlɨla hejwan keʁibxura	гьакылыла гьейван кегъибхьура	Конь отвязался сам								13	8	2023					Aga	m			
verb										1	AI	только в воду, в грязь	v61		kipxur	kiwipxura	kipxus	kipxʷa	kimepxʷ	kitxur, kitxur	кипхьур	kipxur	kipxur	SURF-fall		fall down into water	падать в воду, грязь		zer ʁɨˤla saʔ xije kibxuraj ; dawarar palčikakʲ kitxur	зер гъыӀла саъ хьийе кибхьурай ; даварар палчикакʼ китхьур	Корова с моста в воду упала ; Коровы упали в грязь																				13	8	2023					Aga	m			
verb										1	AI	kíčitqɨra (4)	v62		kíčipqɨr	kičwilqara	kičipqas	kičépqa	kičméwrɨk	ḱičitqɨr, ḱičitqɨr	кичипхъыр	kíčipqɨr	kičipqɨr	PV-stick		stick (intr.)	прилипать		it klenkajek kičitqɨra ; zer qɨrejikʲ kičibqɨraj ; bekʲ kičitkɨr izdɨ čʼarɨmɨk	ит кленкайек кичитхъыра ; зер хъырейикʼ кичибхъырай ; бекʼ кичиткыр изды чӀарымык	Мёд к клеенке прилип ; Корова к смоле прилепилась ; Жвачка прилипла к мои волосам	fight	подраться		izdɨ χɨnɨχ na sa maddɨ χɨnɨχ kičitqɨraj	изды хыных на са мадды хыных кичитхъырай	Мой мальчик с другим мальчиком подрался														13	8	2023					Aga	m			
verb										1	AA		v122		kičípqɨr	kičwílqara	kičípqas	kíčipqa	kičméwlɨk		кичипхъыр	kičípqɨr	kičipqɨr	PV-fight		fight	драться		rɨˤɢa gɨdijer kičitqɨra	рыӀкъа гыдийер кичитхъыра	На улице ребята подрались	stick	прилипать		izdɨ uχnakʲ paˤɢʷaled tʼíli kičipqɨra ; izdɨ čʼarɨmɨkʲ beqʼ kičitqɨra	изды ухнакʼ паӀкъвалед тӀи́ли кичипхъыра ; изды чӀарымыкʼ бекь кичитхъыра	К моему платью лист лопуха прилип ; К моим волосам жвачка прилипла														14	8	2023					Назиле				
verb										1	NB	возможно также стрелять # иронично, стрелять нет	v74		kiˤwχɨˤr	kiˤwɨˤrχara	kiˤwχɨˤs	kiˤwχ	kimaˤrwɨˤχ	kiˤlχɨˤra / -	киӀвхыӀр	kiˤwχɨˤr	kiˤwχɨˤr	SURF-hit2		beat	бить		rɨšera kiˤrχˤɨra zirɨs	рышера киӀрхˤыра зирыс	Девочка бьет корову	put phone on charge	поставить телефон на зарядку		juše hanuwa tʼilifon zarʲada kiˤwɨˤrχara	йуше гьанува тӀилифон зарʼада киӀвыӀрхара	Ночью она поставила телефон на зарядку	plant seedling	сажать саженец		šitilbɨr pomidorad kiˤχaˤ	шитилбыр помидорад киӀхаӀ	Посади помидоры	dye the yarn	красить пряжу																	
verb										2	AI	возможно = SURF-hit ; iPFV ; 3 = kiwiχɨˤwaʔra? ӀNF ; 3 = kiwiχawaʔasɨ? ӀMP ; 3 = kiwɨˤχawaʔ? PROH ; 3 = kimejiˤrχ ~ kimeχama waʔ?	v63		kíˤwɨˤχɨˤr	kiˤwɨ́ˤrχaˤra	kíˤwɨˤχaˤs	kíˤwɨˤχaˤ	kˤimárwˤɨχ ~ kˤimáwrˤɨχ		киӀвыӀхыӀр	kíˤwɨˤχɨˤr	kiˤwɨˤχɨˤr	PV-mix		mix, stir	мешать (чай, траву для начинки)		čej kijχɨra ~ čej kiχɨˤhaʔ ; zad kiˤwɨ́ˤrχaˤra rɨˤqʼ ~ zad kíwɨχaˤ awɨra rɨˤqʼ ; zad kijχɨˤr čej ~ zad kíjχaˤ hɨʔɨr čei	чей кийхыра ~ чей кихыӀгьаъ ; зад киӀвы́ӀрхаӀра рыӀкь ~ зад ки́выхаӀ авыра рыӀкь ; зад кийхыӀр чей ~ зад ки́йхаӀ гьыъыр чеи	Чай помешал ; Я помешала суп ; Я помешала чай																				13	8	2023					Aga	m			
verb										1	KF	грызть -- отрицает	v34		ɢápχɨr	ɢawráχara	ɢápχas	ɢápχa	ɢamáwrɨχ	*	къапхыр	ɢápχɨr	ɢapχɨr	PV-chop		chop	измельчать (тмин, гвоздику, перец), дробить		heš ɢapχa	гьеш къапха	Измельчи тмин	crack	колоть (орехи)		zad χik ɢawraχara	зад хик къаврахара	Я колю орех	eat a lot	обжористо кушать		mahaˤmad uliχdɨ litxur ɢaraχara	магьаӀмад улихды литхьур къарахара	Магомед жрёт всё, что попадёт под руку															Нурулла				
verb										1	KF		v35		ɢípkur	ɢiwrǘkara	ɢípkʷas	ɢípkʷa	ɢiméwrükʷ	*	къипкур	ɢípkur	ɢipkur	PV-knead		knead	замешивать (тесто), разводить толокно		ɢarijera lɨzɨž ɢitkur	къарийера лызыж къиткур	Хозяйка тесто замесила	press skin	жать шкуру, чтобы получилась кожа		qʼɨdɨqʼ ʁɨˤdíle hišin badana ɢitkur hɨgara	кьыдыкь гъыӀди́ле гьишин бадана къиткур гьыгара	Чтобы шкура стала мягкой, её нужно жать																					Нурулла				
verb										1	AA		v111		qʼúˤbkʼir	qʼuˤwrikʼera	qʼúˤbkʼis	qʼúˤbkʼe	qʼuˤméwlikʼ		кьуӀбкӀир	qʼúˤbkʼir	qʼuˤbkʼir	bend		bend (intr.)	гнутьcя		izdɨ babaj qʼuˤrkʼira	изды бабай кьуӀркӀира	Моя бабушка согнулась (горбатая стала)																				14	8	2023					Назиле				
verb										1	NB	kʲaʁawɨr	v75		kʲaʁwɨʔɨr	kʲaʁwaʔara	kʲaʁwaʔas	kʲaʁwaʔ	kʲaʁmawaʔ	-	кʼагъвыъыр	kʲaʁwɨʔɨr	kʲaʁwɨʔɨr	SURF-OUT-do		weed (v)	полоть		hanuwa ixaga kʲaʁɨʔɨra ; uqʼ kʲaʁɨʔɨr	гьанува ихьага кʼагъыъыра ; укь кʼагъыъыр	Он долго полол ; Полоть сорняки	pick fruits, berries	собирать плоды, ягоды		rɨˤɢːa qɨdiga kʲaʁɨʔɨraj balad χɨˤrbɨr	рыӀкъːа хъыдига кʼагъыъырай балад хыӀрбыр	По дороге мы сорвали много груш																									
verb										1	NB		v76		kʲaʁowʁur	kʲaʁʷabʁura ~ kʲaʁʷobʁura	kʲoʁowʁus	kʲaʁowʁa	kaʁmabʁ	keʁedʁür / kʲaʁaʁur	кʼагъовгъур	kʲaʁowʁur	kʲaʁowʁur	SURF-OUT-shift		waste	расходовать, тратить		rɨšera šijibɨr kʲaʁaʁusɨ	рышера шийибыр кʼагъагъусы	Девочка будет тратить деньги	tease	дразнить		χɨnɨχ kʲaʁaʁʷa	хыных кʼагъагъва	Мальчика дразни																									
verb										1	NB		v78		kʲoʁubqʼura	kʲoʁwulqʼara	kʲoʁubqʼas	kʲoʁubqʼa	kʲoʁmowlɨqʼ	-	кʼогъубкьура	kʲoʁubqʼura	kʲoʁubqʼura	PV-tear_off		tear off	отрывать		zad χɨˤjar kʲoʁuˤdqʼur ; zad kʲoʁuˤdqʼur peʔidɨ xɨw	зад хыӀйар кʼогъуӀдкьур ; зад кʼогъуӀдкьур пеъиды хьыв	Я сорвала огурец ; Я оторвала кусок хлеба																															
verb										1	NB		v80		labtʼur	lawurtʼura	labʼtʼus	labtʼa	lamalwutʼ	leltʼur  leltʼür laltʼura	лабтӀур	labtʼur	labtʼur	PV-run_out_of		run out of	закончиться		χuˤr labtʼur ; wɨɣɨl, labtʼa wa, iχad waχt wiʔi	хуӀр лабтӀур; выгӀыл, лабтӀа ва, ихад вахт виъи	Мука закончилась; Муж, заканчивай работу, уже поздно																															
verb										1	KF		v84		lawkɨr ~ lówkɨr	lówɨrkɨra	lápkas ~ lówkas	lówɨrka	lamówɨrk	NO	лавкыр ~ ловкыр	lawkɨr ~ lówkɨr	lawkɨr ~ lowkɨr	PV-fall_ill		fall ill	заболеть		babaj juše larɨrkɨr reqʼir	бабай йуше ларыркыр рекьир	Бабушка ночью внезапно заболела и умерла	spin	крутиться		zer sɨwala saʔ lipxur lawɨrkɨr mɨrij ɨwxɨr	зер сывала саъ липхьур лавыркыр мырий ывхьыр	Корова с горы упала, крутилась, в реку попала																					Назиле				
verb										1	NB		v81		lawɨr	lawara	lawas	lawaʔ ~ lawa	lamawaʔ ~ lamawaʔa	-	лавыр	lawɨr	lawɨr	UP-do		put on	надевать		rɨšera uχun (uː) lawɨra ; rɨšera naskibɨr uː lɨʔɨra	рышера ухун (уу) лавыра ; рышера наскибыр уу лыъыра	Девушка надела платье ; Девушка надела носки																															
verb										1	NB	возможно то же самое, что fall_ill	v82		lawɨrkɨr ~ lawkɨr ~ lówkɨr	lawɨrkara ~ lowɨrkara	lawɨrkas ~ lówkas	lawɨrka	lamawrɨk	ladɨrkɨr / larkɨr	лавыркыр ~ лавкыр ~ ловкыр	lawɨrkɨr ~ lawkɨr ~ lówkɨr	lawɨrkɨr ~ lawkɨr ~ lowkɨr	PV-turn_around		tumble, spin	кувыркаться, крутиться		getišdɨ χɨnimer hamːiši diwanaː larkara ; zer sɨwala saʔ lipxur lawɨrkɨr mɨrij ɨwxɨr ; uː lasaʔ lawɨrkɨr	гетишды хынимер гьамːиши диванаа ларкара ; зер сывала саъ липхьур лавыркыр мырий ывхьыр ; уу ласаъ лавыркыр	Котята постоянно кувыркались на диване ; Корова с горы упала, крутилась, в реку попала ; Камень скатился	toss	ворочаться		čaʁa haˤmːiši laːrkara walga	чагъа гьаӀмːиши лааркара валга	Ребёнок ворочается в кровати	fall ill	заболеть		babaj juše larɨrkɨr reqʼir	бабай йуше ларыркыр рекьир	Бабушка ночью внезапно заболела и умерла																			
verb										1	KF		v83		láwɨrsɨr	láwɨrsara	láwɨrsas	iáwɨrsa	lamówɨrs ~ lamówrɨs	*	лавырсыр	láwɨrsɨr	lawɨrsɨr	PV-boil		boil (intr.)	кипятиться		plitkajed χɨrɨda maˤʁʷ, nek habbɨsːamate lawɨrsasɨ	плиткайед хырыда маӀгъв, нек гьаббыссамате лавырсасы	Далеко от плиты не отходи, молоко скоро закипит	boil (tr.)	кипятить																									Назиле				
verb										1	NB		v79		lačʼipχɨr	lačʼwilχara	lačʼipχas	lacʼipχa	lačʼmelʲwiχ	lačʼitχɨr / lačʼitχɨr	лачӀипхыр	lačʼipχɨr	lačʼipχɨr	slip		slip	поскользнуться		zer lačʼipχɨr xidila	зер лачӀипхыр хьидила	Корова поскользнулась на навозе	stretch	потянуться (потянуть части тела)		zɨ jakʷasla aː lurzur qʼaharcʼɨr	зы йаквасла аа лурзур кьагьарцӀыр	С утра я встал и потянулся																									
verb										1	KF		v87		lewigɨr ~ lewɨgɨr	léwirgara	léwirgas	léwiga	leméwrɨg	*	левигыр ~ левыгыр	lewigɨr ~ lewɨgɨr	lewigɨr ~ lewɨgɨr	PV-sew		sew	шить		hanowa lewirgara uχun	гьанова левиргара ухун	Она шьёт платье																											Назиле				
verb										1	KF		v90		léwiqʼɨr	léwirqʼara	léwiqʼas	léwɨqʼa	leméwriqʼ	NO	левикьыр	léwiqʼɨr	lewiqʼɨr	UP-reach		reach	достичь, подняться		kʼɨbka leriqʼa! ; edemi sɨwa lejqʼɨra	кӀыбка лерикьа! ; едеми сыва лейкьыра	Побыстрее дойди! В гору поднялся	come out (about news)	прийти (о новостях)		zaː χabar lewiqʼɨr	заː хабар левикьыр	Мне новость пришла																					Эльмира				
verb										1	KF	stay, проводить время, сеять ; suk lewira - пшеницу посеяли, lawɨχara - каждый день	v89		léwir	lówχara	léwis	léwija	lamáwɨχ	NO	левир	léwir	lewir	UP-let		stay, spend time	проводить время		ʁijʁad jɨʁ mɨˤχaˤ lejisɨ	гъийгъад йыгъ мыӀхаӀ лейисы	Целый день буду возиться в Рутуле	sow	сеять		zad abadurad tum lewir	зад абадурад тум левир	Я посадил семена моркови	rise (about sun)	восходить (о солнце)		wirɨɣ lewira	вирыгӀ левира	Солнце взошло															Эльмира				
verb										1	KF		v88		léwčʼur	lébčʼura ~ lʲoˤwʁura	léwčʼus	léwičʼa	laˤmaˤwuʁʷ ~ lemewrüčʼ	PFV- NO, IPFV - NO	левчӀур	léwčʼur	lewčʼur	UP-move		go up	подниматься, залезать на лошадь, на дерево		hejwan sɨwaː laʔ lewčʼur	гьейван сываа лаъ левчӀур	Лошадь в горы залезла																											Эльмира				
verb										1	KF		v91		léwšur	lépčura	léwšus	léwiša ~ léwša	lemebčʷ ~ lemebč	ледипчура, лепчура	левшур	léwšur	lewšur	PV-take		take	брать		zad ɢumšieda darχilaq lewišura	зад къумшиеда дархилахъ левишура	Я взял у соседа ножовку	buy	покупать		zad lewšura qʼʷaˤb qʼɨq	зад левшура кьваӀб кьыхъ	Я купил двух телят																					Эльмира				
verb										1	KF	рефактив - ляхъыӀйхыр	v85		léwɨχɨˤr	léwɨrχaˤra	léwɨχaˤsɨ	léwχaˤ	lamáwrɨˤχ	*	левыхыӀр	léwɨχɨˤr	lewɨχɨˤr	PV-plow		plow	пахать		xɨnne naqʼʷ lewɨrχaˤra	хьынне накьв левырхаӀра	Весной пашут землю																											Назиле				
verb										1	KF		v86		lépʼir	léwilera	lépʼes	lépʼe	leméwli	*	лепӀир	lépʼir	lepʼir	UP-pull		forgive	прощать		nine zala χɨl lepʼɨr	нине зала хыл лепӀыр	Мать меня простила	raise hand	поднять (руку)		nine za χɨl lepʼir	нине за хыл лепӀир	Мать на меня руку подняла	hoe	окучивать		kʼartʼuškajed naqʼʷ lepʼe!	кӀартӀушкайед накьв лепӀе!	Окучивай картошку!	separate sour cream from milk	отделять сметану от молока		ɢarijera nekɨjlad ǯar lepʼir	къарийера некыйлад джар лепӀир	Хозяйка отделила сметану от молока									Назиле				
verb										1	KF		v94		líbqʼɨr	líwirqʼara ~ líwilqʼara	líbqʼas	líbqʼa	liméwriqʼ	*	либкьыр	líbqʼɨr	libqʼɨr	PV-ferment		ferment (about dough)	бродить (о тесте)		lɨzɨd litʼqʼɨra	лызыд литӀкьыра	Тесто поднялось (уже готово)	grow	расти		uqʼ litʼqʼɨra	укь литӀкьыра	Трава выросла																					Эльмира				
verb										1	KF		v95		liwír	wiʔílera	wiʔíles	wiʔíle	méwliʔ	*	ливир	liwír	liwir	eat		eat	есть, кушать		zad liwir rɨqʼ ; zad mɨšet maʔ zad ilesdɨ ilera	зад ливир рыкь ; зад мышет маъ зад илесды илера	Я поел суп ; Не мешай, я кушаю																											Эльмира				
verb										1	KF		v96		líwkʼur	líwirkʼʷara	líwikʼʷas	líwkʼʷa	liméwrikʼʷ ~ limérwukʼ	*	ливкӀур	líwkʼur	liwkʼur	PV-burn_light		burn (about light)	жечь, гореть (о свете)		lampočka liwikʼura diš, had hupxura	лампочка ливикӀура диш, гьад гьупхьура	Лампочка не горит, она сломалась																											Эльмира				
verb										1	KF	возм ; устаревшее	v93		liwšír	šiwílšera	šílšesɨ	šiwílše	šiméwliš	*	ливсир	liwšír	liwšir	reap		reap	жать		fatʼimara lišír ješ	фатӀимара лиши́р йеш	Фатима сжала зерно																											Эльмира				
verb										1	KF		v97		líwxir	líwilxera ~ líwirxera	líwxis	líwxʲa	liméwrixʲ ~ limérwixʲ	*	ливхьир	líwxir	liwxir	UP-put		put	положить, поставить		zad miʔ uː telefon liwxir	зад миъ уу телефон ливхьир	Я сюда телефон поставил																											Эльмира				
verb										1	KF		v92		lípxur	líwirxura	lípxus	lípxʷa	limépxʷ	NO	липхьур	lípxur	lipxur	UP-fall		attack	скатиться, упасть		izdɨ uχnaːla lipxura kʼɨčʼ	изды ухнаала липхьура кӀычӀ	У меня с рубашки пуговица упала	spring up (about crops)	взойти (о посевах)		jezɨd kar litxura	йезыд кар литхьура	Всходы взошли																					Эльмира				
verb										1	KF		v101		lówɢur	lówɨrɢara	lówɢas	lówɢa	lomówrɨɢ	HPL+APL	ловкъур	lówɢur	lowɢur	UP-look		look back	оглянуться		hemi xɨdɨldɨ hammeše zaχda larɢɨra	гьеми хьыдылды гьаммеше захда ларкъыра	Эта женщина всё время на меня оглядывается	mock	издеваться		za jɨʁ lamarɨɢ	за йыгъ ламарыкъ	Надо мной не издевайся	unlock	открывать (замок)		gülegʲ laɢa!	гуьлегʼ лакъа!	Открой замок!	turn on TV	включить (телевизор)		telewizor lowɢa!	телевизор ловкъа!	Включи телевизор!									Эльмира				
verb										1	KF		v99		lówcʼur	lówɨrcʼɨra	lówcʼas ~ lówcʼus	lówcʼa	lomórwicʼ	*	ловцӀур	lówcʼur	lowcʼur	UP-fill		fill	набирать, наполнять		zad kʼaz lowcʼur	зад кӀаз ловцӀур	Я кувшин наполнила																											Эльмира				
verb										1	KF		v100		lówčir	láwɨrčira ~ lápčira ~ lówɨlčera	lówčis	lówče	lamápč	NO	ловчир	lówčir	lowčir	UP-jump		fly	лететь		χumuχun šurukmar lapčira jugʷa	хумухун шурукмар лапчира югва	Осенью птицы улетают на юг	jump over	перепрыгнуть		χɨnɨχ lɐjčira čapraːla χuʔ	хыных ла̂йчира чапраала хуъ	Мальчик перепрыгнул через забор																					Эльмира				
verb										1	KF		v102		lóˤwʁur	NO DATA	lečʼus	NO DATA	NO DATA		лоӀвгъур	lóˤwʁur	loˤwʁur	UP-shift		know to do	уметь		hanuwda láˤʁura uqʼ sejis	гьанувда ла́Ӏгъура укь сейис	Он умеет косить траву	rise (about dough)	подниматься (о тесте)		lɨzɨd laˤʁura	лызыд лаӀгъура	Тесто начинает подниматься	jump onto	запрыгнуть		dana zirɨ loˤwʁura!	дана зиры лоӀвгъура!	Бык на корову запрыгнул!															Эльмира				
verb										1	AA		v103		lúbtʼur	luwúrtʼara	lúbtʼas	lúbtʼa	lumówrutʼ	HPL/APL: луьлʼт1ура, луьлʼт1ура	лубтӀур	lúbtʼur	lubtʼur	PV-wake_up		wake up	проснуться		zɨ lururtʼara saʔaˤt xuddis	зы луруртӀара саъаӀт хьуддис	Я просыпаюсь в 5 утра																				13	8	2023					Рита				
verb										1	AA		v106		lúwzur	luwuzara ~ lúwzara	lúwzas	lúwza	lumáwuz ~ lumárwuz	HPL/APL	лувзур	lúwzur	luwzur	stand1		be standing	стоять		čejlaʁa luwzura hejwan	чейлагъа лувзура гьейван	В поле стоит лошадь																				13	8	2023					Рита				
verb										1	AA	iPFV ?lúbkura ???	v105		lúwkur	luwúrkara	lúwkas	lúwka	lumowruk ~ lumáwluk	HPL/APL	лувкур	lúwkur	luwkur	PV-lie_down		lie down	ложиться		naˤχaˤn dawarar uqʼu lülʲkera	наӀхаӀн даварар укьу луьлʼкера	Вечером коровы ложатся на траву	fall down	падать		aˤχdijed waʔ, lumarurk maʁaˤjmɨːla!	аӀхдийед ваъ, лумарурк магъаӀймыыла!	[Маленькой девочке:] Осторожно, не упади на лестнице!														13	8	2023					Рита				
verb										1	KF		v229		luwqúr	luwqára	luwqás	luwqá	lumowlɨ́q	*	лувхъур	luwqúr	luwqur	PV-be_whipping		whip	взбиваться (о кефире, яйцах и пр.)		blendera ʁɨlɨʁmar jiǯi ǯis lurqára	блендера гъылыгъмар йиджи джис лурхъа́ра	В блендере яйца сами по себе взбиваются																															
verb										1	AA	спросить, может ли что-то значить лувгъур	v104		luʁúr (4)	huʁára (4)	húʁas (4)	húʁa (4)	máluʁ (4)		лугъур (4)	luʁúr (4)	luʁur (4)	rain.v		rain	идти (об осадках)		ʁijʁa jakʷas jiz luʁur ; luʁurijqden!	гъийгъа йаквас йиз лугъур ; лугъурийхъден!	Сегодня утром пошел снег ; Вот бы пошел дождь!																				13	8	2023					Рита				
verb										1	KF		v98		lɨwxɨ́r	wɨ́xara	wɨ́xas	wɨ́xa	máwlɨx ~ málwɨx	NO	лывхьыр	lɨwxɨ́r	lɨwxɨr	graze		graze	пастись		ixdɨ dawarar hɨxara χin suruː	ихьды даварар гьыхьара хин суруу	Наши коровы пасутся на теневой стороне	herd (v)	пасти		wɨxa hejwan!	выхьа гьейван!	Паси лошадь!																					Эльмира				
verb										1	AA		v107		NO FORM	NO FORM	NO FORM	NO FORM	méwičʼ		мевичӀ (PROH)	méwičʼ (PROH)	mewičʼ (PROH)	go_proh		do not go (proh.)	не иди		mejičʼ mihmanwɐlle	мейичӀ мигьманва̂лле	Не иди в гости!	do not agree (proh.)	не соглашайся		mejičʼ rigidada ruʔus	мейичӀ ригидада руъус	Не соглашайся идти на улицу														13	8	2023					Рита				
verb										1	AA		v109		ówcʼur	awrácʼɨra ~ ówɨrcʼara	ówcʼus	ówcʼa	amówrɨcʼ		овцӀур	ówcʼur	owcʼur	INSIDE-fill		fill	наполнить		zad owcʼur kʼaz xijira	зад овцӀур кӀаз хьийира	Я наполнил кувшин водой																				14	8	2023					Назиле				
verb										1	AA	(нет императива) ; uPDː вроде есть	v108		oqúwgur	eqwírgara	oqúwgas	oqúwga	oqmólwug		охъувгур	oqúwgur	oquwgur	PV-RE-find		find	найти (то, что было потеряно)		izdɨ rišida oquwgur tʼilijadɨ	изды ришида охъувгур тӀилийады	Моя сестра нашла кольцо (которое до этого потеряла)																				13	8	2023					Рита				
verb										1	AA		v128		ráˤpχɨr	rápχaˤra	ráˤpχas	rápχaˤ	máraˤpχ ~ máwraˤχ		раӀпхыр	ráˤpχɨr	raˤpχɨr	shear		shear	найти (то, что было потеряно)		χumuχun jed ixdɨ čʼabɐler raˤtχara	хумухун йед ихьды чӀаба̂лер раӀтхара	Осенью мы наших овец стрижем																				14	8	2023					Назиле				
verb										1	AI		v134		ruwʁúr	wuʁúrʁara	wuʁurʁas	wuʁúrʁa	mawɨʁx	ruwʁúr, insana dürʁɨ́r	рувгъур	ruwʁúr	ruwʁur	turn		go for a walk	гулять		zɨ xɨdɨlnowkan ʁurʁas wɨɣɨr ; χɨnɨχ ʁurgata rišekan	зы хьыдылновкан гъургъас выгӀыр ; хыных гъургата ришекан	Я гуляю с женой ; Мальчик гуляет с девочкой	twiddle	крутиться		tabɨrʁa wuʁurʁara / ruwʁúr ; dünʲe wuʁurʁara werxɨd ʁara huʔ	табыргъа вугъургъара / рувгъу́р ; дуьнʼе вугъургъара верхьыд гъара гьуъ	Юла крутится ; Земля вращается вокруг солнца	search	искать		did ruwʁara χɨnχɨχdɨ	дид рувгъара хынхыхды	Отец ищет сына								14	8	2023					Magomed	m			
verb										1	AI		v133		rúpxur	rupxara	rupxas	rupxa	marub		рупхьур	rúpxur	rupxur	shake		churn, shake	сбивать масло в специальном кувшине, трясти		rubxad kʼaz ; babaje rubxur neq xara dɨχɨr	рубхьад кӀаз ; бабайе рубхьур нехъ хьара дыхыр	Кувшин для взбивания молока ; Бабушка сделала из молока масло	shake (intr.)	трястись (о скотине в жаркое время, она животом вперед назад дергает)		zer sɨgɨnida rubxara	зер сыгынида рубхьара	Корова от жары трясется														14	8	2023					Magomed	m			
verb										1	AI	старые примеры -- zira rawɨra qʼaqʼ ; zer rɨwɣɨra ; bɨga zer wɨg (Корова родила теленка ; корова родилась)	v130		rɨ́wɣɨr	wɨɣɨ́rɣara	wɨɣɨ́rɣas	wɨɣɨ́rga	máwɨrɨɣ		рывгӀыр	rɨ́wɣɨr	rɨwɣɨr	bear_cub		bear a cub	рожать (о скотине)		zer rɨwɣɨra	зер рывгӀыра	Корова родилась																				14	8	2023					Magomed	m			
verb										1	AI	аа уу кӀыркӀас ; еще были значенияː свернуться клубком о ребенке, стать неровным, стать курчавым (о волосах)	v131		rɨwkʼɨr ~ wɨkʼɨrkʼɨr	wɨkʼɨrkʼara	wɨkʼɨrkʼas	wɨkʼɨrkʼa	mawrɨkʼ	kʼɨrkʼara, dɨkʼɨrkʼara	рывкӀыр ~ выкӀыркӀыр	rɨwkʼɨr ~ wɨkʼɨrkʼɨr	rɨwkʼɨr ~ wɨkʼɨrkʼɨr	spin		wrap around	обвиваться (о змее), обмотаться (о веревке)		ɣar wɨkʼɨrkara qiwi ; aʔwan (uχur) rɨkʼɨraj zerzdɨ ʁili ; ɣar rɨwkʼɨra zerdɨ ʁil	гӀар выкӀыркара хъиви ; аъван (ухур) рыкӀырай зерзды гъили ; гӀар рывкӀыра зерды гъил	Змея ползет и вьется ; Веревка обвивается вокруг ноги коровы ; Змея обмоталась вокруг ноги коровы																				14	8	2023					Magomed	m			
verb										1	AI		v132		rɨwχɨr	wɨχɨrχara	wɨχɨrχas	wɨχɨrχa	máwɨrχ		рывхыр	rɨwχɨr	rɨwχɨr	knit		knit	вязать		nine naskibɨr xɨrχar a ; nine šal χɨrχara	нине наскибыр хьырхар а ; нине шал хырхара	Мама носок вяжет ; Мать вяжет шаль																				14	8	2023					Magomed	m			
verb										1	AI		v147		sabtʼur	sawurtʼura ~ sawratʼura	sabtʼus	sabtʼʷa	samawrutʼ		сабтӀур	sabtʼur	sabtʼur	DOWN-cut		cut	отрезать		satʼʷa xuw ; zad satʼur xuw ; zas sabtʼur arbuz	сатӀʷа хьув ; зад сатӀур хьув ; зас сабтӀур арбуз	Режь хлеб ; Я отрезал хлеб ; Я отрезал арбуз	mend	ставить заплату		naskija kʼukʼal sabtʼʷa ; zad naˤχan kʼukʼal sabtura jubkaja	наскийа кӀукӀал сабтӀʷа ; зад наӀхан кӀукӀал сабтура йубкайа	Поставь заплату на носки ; Я вчера поставила заплату на юбку	cut finished carpet from machine	срезать готовый ковер со станка		zad ʁijʁa xaima sabtʼur	зад гъийгъа хьаима сабтӀур	Сегодня я срезала ковер со станка								14	8	2023					Shaheddin	m			
verb										1	AI		v151		sawarkʼur	sawarkʼʷur a	sawarkʼʷas	sawarkʼʷa	samawrɨk		саваркӀур	sawarkʼur	sawarkʼur	PV-hew		hew	тесать		zad huk sawarkʼur	зад гьук саваркӀур	Я тесаю дерево																				14	8	2023					Shaheddin	m			
verb										1	AI		v152		sawɨr	sáwara	sawas	sáwaʔ	samawaʔ		савыр	sawɨr	sawɨr	DOWN-do		pour (liquid)	лить, сыпать		xed saʔar ; nek saʔ samawaʔ ; nine nek sawɨr	хьед саъар ; нек саъ самаваъ ; нине нек савыр	Вода капает ; Не вылей молоко ; Мама вылила молоко	sprinkle	сыпать		suk saʔ samawaʔ	сук саъ самаваъ	Не просыпать зерно														14	8	2023					Shaheddin	m			
verb										1	AI		v150		saqʼapqɨˤr	saqʼʷraˤqaˤra	saˤqʼapqˤas	saˤqʼapqaˤ	saˤqʼmawrɨq		сакьапхъыӀр	saqʼapqɨˤr	saqʼapqɨˤr	PV-extinguish		become extinguished	гаснуть		zad qʲaqʼɨ irdɨš usbɨr cʼaj saqʼatqɨr ; liqiqur saqʼatqɨr	зад хъʼакьы ирдыш усбыр цӀай сакьатхъыр ; лихъихъур сакьатхъыр	Я не поддержал костер, и он погас ; Свет погас (если свет отключили и заново включили)																				14	8	2023					Shaheddin	m			
verb										1	AI		v149		saptɨr	sowɨltara	saptas	sapta	samowlɨt	seltir, seltir	саптыр	saptɨr	saptɨr	PV-leave		leave alone	оставить		hanow zɨ satɨr had qarxɨr ; jed zer sabtɨr je qʼɨtxɨr ; zɨ arbuz iskʼama sabtʼɨr	гьанов зы сатыр гьад хъархьыр ; йед зер сабтыр йе кьытхьыр ; зы арбуз искӀама сабтӀыр	Он меня оставил, а сам ушел ; Мы корову оставили и ушли ; Я оставил арбуз на столе																				14	8	2023					Shaheddin	m			
verb										1	AI		v148		sapqɨˤr	sawraˤqaˤra	saˤpqˤas	saˤpqaˤ	saˤmawrɨq		сапхъыӀр	sapqɨˤr	sapqɨˤr	PV-die_away		die away (about fire)	гаснуть		zad kʲaqɨʔɨrdɨš usbɨr cʼaj satqɨr	зад кʼахъыъырдыш усбыр цӀай сатхъыр	Я не поддержал костер, и он погас																				14	8	2023					Shaheddin	m			
verb										1	NB		v157		séwir	sɨ́wχara ~ sewaχara ~ sewχara	séwis	sewi ~ séwij ~ sewijaʔ	samawɨχ ~ semewi	sádɨr ~ sédir / sɨ́ʔɨr	севир	séwir	sewir	DOWN-let		lie down	лежать, валяться		edemi sejira ; get diwanaː sewira	едеми сейира ; гет диванаа севира	Человек валяется ; Кошка валяется на диване	mow	косить		šura uqʼ sejira ; šura saχara uqʼ ; uqʼ sejira	шура укь сейира ; шура сахара укь ; укь сейира	Брат покосил траву ; Брат косит траву ; Сено скошенно	cover	накрывать стол скатертью		sifra sejira	сифра сейира	Клеёнку положил																			
verb										1	NB		v156		sewčʼur	séwibčʼura	séwčʼus	séwičʼá ~ séwičʼ	seméwürčʼ ~ semépčʼ	selčʼur / selčʼur	севчӀур	sewčʼur	sewčʼur	DOWN-move		go down	слезть		χukala saʔ sejičʼ	хукала саъ сейичӀ	Слез с дерева	fall down	упасть		χukala eč sewčʼur ǯile	хукала еч севчӀур джиле	Яблоко упало на землю	spill	разлить		nek iskʼamaː sewčʼur ; saʔ sewčʼur	нек искӀамаа севчӀур ; саъ севчӀур	Молоко разлил на стол ; Разлил																			
verb										1	NB	бЫЛо̂ ЗНа̂ЧЕНИЕː грузить	v158		séwšur	sewibšura ~ sewibčura	sewšus	sewša	semewübš	selʲšur / selʲšur	севшур	séwšur	sewšur	PV-scold		scold	ругать		dide χɨnɨχ sešur ubur qaǯas ine	диде хыных сешур убур хъаджас ине	Отец отругал сына, он его не слушал	mush	погнать (куда-либо)		hanuw mašin sewšura ; tɨla sewšur sɨwaː lewe	гьанув машин севшура ; тыла севшур сываа леве	Он погонял машину ; Он погнал собак в гору																									
verb										1	AI	zad sereχara (*sewreχara) uqʼ zelenʲbɨr ; я сейчас режу зелень	v154		sepχɨr	sewreχara	sepχas	sepχa	semewriχ		сепхыр	sepχɨr	sepχɨr	slice.v		slice (v)	резать (на куски)		sipul sepχa ; uqʼ setχa ; zad jak serexara	сипул сепха ; укь сетха ; зад йак серехьара	Лук режь ; Порежь зелень ; Я режу мясо на куски																				14	8	2023					Shaheddin	m			
verb										1	NB	есть ли глагол setʼir?	v155		seqípʼir	seqwílera	seqípʼes	seqípʼe	seqméwliʔ	seqitʼir / seqitʼir	сехъипӀир	seqípʼir	seqipʼir	DOWN-RE-pull		destroy	разрушать		insanaše mas seqitʼir	инсанаше мас сехъитӀир	Бригада разрушила стену	take off (cloths)	снять		zad χalijila ǯuna seqipʼir	зад халийила джуна сехъипӀир	Я снял повязку																									
verb										1	NB		v163		siwʁír	siwírʁera	siwʁés	siwʁé	siméwirʁ	sidʁír / siʁír	сивгъир	siwʁír	siwʁir	PV-freeze		be cold, freeze	мерзнуть		zɨlaʔ sɨwa lečʼura tʼɨlabɨr siʁira	зылаъ сыва лечӀура тӀылабыр сигъира	Я поднялся высоко в горы, у меня замёрзли пальцы																															
verb										1	NB		v161		siwɣɨr	siwirɣara	síwɣas	NO DATA	NO DATA	siǧɨra / siǧɨra	сивгӀыр	siwɣɨr	siwɣɨr	PV-be_hot		be hot	быть горячим, теплым		čašgɨja čej mɨqʼdɨ siɣɨra ; zas siɣɨra	чашгыйа чей мыкьды сигӀыра ; зас сигӀыра	В чашке чай потеплел ; Мне жарко																															
verb										1	NB		v162		siwígɨr	siwírgara	siwígas	siwíga	simérwig	sidigɨr / sigɨr	сивигыр	siwígɨr	siwigɨr	PV-send		let go	отпустить		χɨnɨχ siga ; zad zer wixʲa ʁaʔ siwigɨra	хыных сига ; зад зер вихьʼа гъаъ сивигыра	Мальчика отпусти ; Я выпустил корову из хлева на улицу	send	отправить		rɨš xijda siriga ; zad šɐxedin paprɨsmɨχta sigira	рыш хьийда сирига ; зад ша̂хьедин папрысмыхта сигира	Девочку за водой отправь ; Я отправил Шахеддина за сигаретами	filter	процеживать		zad nek sifɨja siwigɨra	зад нек сифыйа сивигыра	Я через сито пропустил молоко																			
verb										1	NB		v164		siwxir	siwilxera	siwxis	siwxe	simewrixʲ	-	сивхьир	siwxir	siwxir	DOWN-put		put away	положить, поставить		zad istʼekan iskʼamaː siwxira	зад истӀекан искӀамаа сивхьира	Я поставил стакан на стол	delay	отложить		zad ockibɨr sixira madːi	зад оцкибыр сихьира мадːи	Я отложил очки в сторону																									
verb										1	NB	пРИМЕР gɨwɐlibɨr sičira ПЕРЕВЕСТИ	v160		siwčír	siwilčera ~ siwírčera	síwčes	siwčé	siméwrič	-	сивчир	siwčír	siwčir	PV-rot		rot	гнить																																			
verb										1	NB		v159		sipkɨr	siwríkara ~ siwírkara ~ siwiĺkara ~ sípkara	sipkas	sipka	simewrik ~ simewlik ~ simewɨrk	-	сипкыр	sipkɨr	sipkɨr	PV-saw		saw (v)	пилить, срубать (пилой, не топором)		us sitkɨr ; xuk sipka!	ус ситкыр ; хьук сипка!	Бревно спилили ; Дерево спили!																															
verb										1	NB		v167		sówʁur	sówubʁura	sówʁus	sówaʁ	somowʁub ~ samawʁub	sedʁura / selʲʁɨra	совгъур	sówʁur	sowʁur	DOWN-shift		emprison	замкнуть		hanuw naχan güleg sabʁura ; zad üb sowʁura	гьанув нахан гуьлег сабгъура ; зад уьб совгъура	Он закрывает дверь на замок	put (in jail)	посадить (в тюрьму)		dagul χɨwgid araː saʁura	дагул хывгид араа сагъура	Вора посадили	make sit	усадить		zad wɨ ustʼula saʁura	зад вы устӀула сагъура	Я вас усадил																			
verb										1	NB		v168		sówχur	sowɨ́rχara	sówχas	sówχa	somówɨrχ	sedχir / selʲχir	совхур	sówχur	sowχur	PV-sleep		sleep	спать		saxɨra rixdɨ saˤʔaˤta	сахьыра рихьды саӀъаӀта	Спит по 6 часов																															
verb										1	NB		v169		súbdur	súwɨrdara	súbdas	súbda	sumówlud ~ sumɨ́wɨrd	sülde / sülde, suldara	субдур	súbdur	subdur	PV-sieve		sieve	просеять, процедить		zad sifɨja χuˤr subdɨra ; nek subdur	зад сифыйа хуӀр субдыра ; нек субдур	Просеял муку ; Процеживает молоко	dust oneself off	отряхиваться		subdura zer ; zad ijsan surda hɨʔɨra	субдура зер ; зад ийсан сурда гьыъыра	Корова отряхивается ; Я человека трясу																									
verb										1	NB	accent! sugA	v172		suwgúr	suwúrgara	suwgás	suwgá	sumáwrug ~ sumárwuga	südgüra / sülʲgüra	сувгур	suwgúr	suwgur	PV-be_lost		be lost	теряться		zad hasːa gičʼ jiˤwχɨˤra χɨnɨχ sugud kaʁagur ; izdɨ kitab sugur ; sadaː zer suwgura	зад гьасса гичӀ йиӀвхыӀра хыных сугуд кагъагур ; изды китаб сугур ; садаа зер сувгура	Я так перепугалась из-за того, что мой ребёнок потерялся ; Книга потерялась ; Я потерял корову	disappear	исчезнуть		je sajeʁa südgesɨ	йе сайегъа суьдгесы	Все мы когда-нибудь исчезнем																									
verb										1	NB	еЩЕ значение ругатьː ɣal sukura (рот пустила)	v171		súwkur	súwɨrkara	súwkas	súwka	sumówruk	sütküra / sülʲküra	сувкур	súwkur	suwkur	PV-head_for		head for	направиться		mija quʔ sukur jiʔi ; mija quʔ lüček sukuraj	мийа хъуъ сукур йиъи ; мийа хъуъ луьчек сукурай	Он направился в сторону лучека		ругать																													
verb										1	NB		v173		súwqʼur	súwubqʼura ~ súwurqʼara	súwqʼas	súwqʼa	sumówurqʼ ~ sumáwruqʼ	sɨdqʼɨr ~ südqʼür ~ sudqʼɨr / sülqʼɨr	сувкьур	súwqʼur	suwqʼur	PV-sit_down		be seated	сидеть		mihman suqʼura ustʼula ; je sin cʼajed ʁaraː xuʔ sütqʼuraj	мигьман сукьура устӀула ; йе син цӀайед гъараа хьуъ суьткьурай	Гость сел на табуретку ; Мы все расселись вокруг костра	remain	остаться		zɨ ʁijʁa mibišdɨ χalaː surqʼasɨ	зы гъийгъа мибишды халаа суркьасы	Я сегодня осталась у них дома																									
verb										1	NB		v170		supquˤr	suwulʲqaˤra ~ suˤwɨˤrqara	súˤpqas	suˤpqaˤ	sumáˤwɨˤlq	-	супхъуӀр	supquˤr	supquˤr	PV-rock_cradle		swing	качать (колыбель)		huqʼlʲaː χaˤrad haʔara kʼaz súˤbquˤr ; flančaχaː ečʼur, suˤrquˤr ; zad χɨˤnχɨˤd qʼaˤb suˤbquˤr	гьукьлʼаа хаӀрад гьаъара кӀаз су́ӀбхъуӀр ; фланчахаа ечӀур, суӀрхъуӀр ; зад хыӀнхыӀд кьаӀб суӀбхъуӀр	Раньше масло делали качая таз ; На качелях качаются ; Я качала ребёнка на колыбели																															
verb										1	NB		v166		sɨ́wχɨˤr	sɨwɨ́rχˤara ~ sɨwɨrχˤɨra	sɨ́wχˤas	sɨ́ˤwχa	sɨmáˤwrɨχ	-	сывхыӀр	sɨ́wχɨˤr	sɨwχɨˤr	DOWN-beat		press, throw	нажать		tʼɨli sɨˤwχɨˤra knopkaje ; zad sɨˤχɨˤra us	тӀыли сыӀвхыӀра кнопкайе ; зад сыӀхыӀра ус	Он пальцем нажал на кнопку ; Я поставил стойку	crush	раздавить		χug luwkur, paxʷalɨ sɨˤwχɨˤra	хуг лувкур, пахьвалы сыӀвхыӀра	Дерево упало, раздавило гриб	throw smth	бросить		hanɨw dahar sɨˤwɨˤrχɨˤra mɨrij	гьаныв дагьар сыӀвыӀрхыӀра мырий	Кидает камень в реку																			
verb										1	NB		v165		sɨwɨ́ˤrqʼɨr	sɨwɨ́rqʼaˤra	sɨwɨ́ˤrqʼaˤs	sɨwɨ́ˤrqʼa	sɨmɨ́ˤwrɨqʼ	-	сывыӀркьыр	sɨwɨ́ˤrqʼɨr	sɨwɨˤrqʼɨr	PV-curdle		curdle (intr.)	свертываться (о молоке)		čʼabɨled nek qʼɨb sɨwɨˤqʼara	чӀабылед нек кьыб сывыӀкьара	Баранье молоко свернулось																															
verb										1	NB		v174		tʼóˤwχuˤr	tʼoˤwɨrχaˤra	tʼoˤwχas	tʼóˤwχaˤ	tʼamáˤwrɨχ	tʼaˤdχɨˤra / tʼaˤlʲχɨˤra	тӀоӀвхуӀр	tʼóˤwχuˤr	tʼoˤwχuˤr	PV-swell		swell	опухать		zad tʼili χaˤǯibʁɨraj hamɨ tʼili tʼoˤwχuˤra	зад тӀили хаӀджибгъырай гьамы тӀили тӀоӀвхуӀра	Я прищемил палец, и теперь мой палец опухший																															
verb										1	NB		v177		tʼúbqʼur	tʼúwulqʼara	tʼuwúpqʼas	tʼúpqʼa	tʼumárwuqʼ	tʼütqʼɨra / tʼülqʼera	тӀубкьур	tʼúbqʼur	tʼubqʼur	PV-burst		burst	лопнуть		χaˤdaˤχuˤl tʼupqʼur	хаӀдаӀхуӀл тӀупкьур	Мозоль лопнула	blow	взорваться		gazad balon tʼupqʼasɨ ; χal tʼutqʼur	газад балон тӀупкьасы ; хал тӀуткьур	Балон газа взорвался ; Дом взорвался																									
verb										2	NB	у НР есть tʼukkʷas записанное в ӀNF ; 3	v175		tʼúkur (4)	tʼúrukara ~ tʼúrkara (4)	tʼúkas (4)	tʼúka (4)	tʼumáruk (4)	-	тӀукур (4)	tʼúkur (4)	tʼukur (4)	PV-spin		spin	прясть		zad dɨn tʼukːur tʼɨpčʼikan	зад дын тӀукːур тӀыпчӀикан	Я из шерсти плела на прялке																															
verb										1	NB		v176		tʼǘbӡ̌ur	tʼüwrüӡ̌era ~ tʼüwürӡ̌era	tʼǘbǯes	tʼǘbǯe	tʼümáwričʼ	-	тӀуьбджур	tʼǘbӡ̌ur	tʼübӡ̌ur	PV-suck		suck	сосать		χɨnχɨra tʼüwrüǯera nekʔad butɨlkʼa ; jüšera tʼürǘǯera tʼili	хынхыра тӀуьвруьджера некъад бутылкӀа ; йуьшера тӀуьру́ьджера тӀили	Ребёнок сосал молоко из бутылки ; Девочка сосёт палец																															
verb										1	NB		v178		úbχur	úwurχara	úbχas	úbχa	umáwɨrχ ~ umáwruχ ~ umówruχ ~ umórwuχ	utχur / utχur	убхур	úbχur	ubχur	PV-slam	Связанный корень с неясным значением (ср. мух. «китаб удхури» ‘книга закрылась’).	slam?	захлопываться (закрываться со звуком)?																																			
verb										1	KF		v179		uˤwuχuˤr	uˤwúˤrχuˤra	uˤwúˤχas	uˤwúˤχʷa	uˤmóˤwruˤχ	NO	уӀвухуӀр	uˤwuχuˤr	uˤwuχuˤr	PV-keep		keep safe	хранить		zad uˤχur ɢumšied gülegʲ	зад уӀхур къумшиед гуьлегʼ	Я храню ключ соседа	care for a child	вырастить ребенка, заботиться		zad ɢariekʷan χɨnimer uˤduˤχur	зад къариекван хынимер уӀдуӀхур	Мы с женой заботились о детях	keep cattle	держать скотину		zad malbɨr uˤrχura	зад малбыр уӀрхура	Я держу домашний скот															Нурулла				
verb										1	KF		v219		χáčʼipχɨr	χáčʼwilχara	χáčʼipχas	χáčʼipχa	χáčʼmelwiχ ~ χáčʼmewlɨχ	NO	хачӀипхыр	χáčʼipχɨr	χačʼipχɨr	PV-throw		throw	кидать		zas hɨgara χɨnɨχ χačʼirχas	зас гьыгара хыных хачӀирхас	Я хочу выкинуть мальчика																															
verb										1	KF		v223		χéwir	χówχara	χéwis	χéwi	χomówɨχ	?	хевир	χéwir	χewir	PV-rest		lie down, rest	лежать отдыхать		xɨdɨldɨ zaːla hammeše bizar rurʔura zɨ diwana χaχara xur	хьыдылды заала гьаммеше бизар руръура зы дивана хахара хьур	Жена на меня постоянно ругается, мол я на диване валяюсь																															
verb										1	KF		v221		χeʁéwšur	χeʁébčura	χeʁéwšus	χeʁéwš	χeʁmébč	NO	хегъевшур	χeʁéwšur	χeʁewšur	PV-seize		seize	отнимать в резком движении		ti χɨnχɨra mi χɨnχɨda eč χeʁewšur	ти хынхыра ми хынхыда эч хегъевшур	Тот ребёнок отобрал яблоко у этого																															
verb										1	KF	добывать -- Нурулла отрицает, говорит добывать гегъитӀир	v222		χeʁípʼir	χeʁwílera	χeʁípʼes	χeʁípʼe	χeʁméwlipʼ	*	хегъипӀир	χeʁípʼir	χeʁipʼir	PV-harvest_honey		take away	забирать (мед у пчел)		ʁubʁuda it χeʁɨlera	гъубгъуда ит хегъылера	У пчёл мёд забирают	lure, take away fraudulently	выманивать, забирать обманным путём		haˤramzadajera reχ hɨʔɨr, zada manutbɨr χeʁitʼir	гьаӀрамзадайера рех гьыъыр, зада манутбыр хегъитӀир	Сосед меня обманул, деньги выманил																									
verb										1	KF		v224		χíbgɨr	χíwilgara	χíbgas	χíbga	χiméwlig	NO	хибгыр	χíbgɨr	χibgɨr	PV-rock		swing (intr.)	качаться (о дереве)		kulak wišijne, χuk χibgasɨ	кулак вишийне, хук хибгасы	Если будет ветер, дерево покачается	move, do smth	двигаться, предпринимать что-нибудь		wɨ χirgas dišma?	вы хиргас дишма?	Ты чё, не шевелишься что ли? (в смысле не делаешь ничего)																									
verb										1	KF		v227		χówʁur	χábʁura	χówʁus	χówʁa	χamábʁ	IPFV - HPL, APL - *	ховгъур	χówʁur	χowʁur	ASIDE-shift		be witness	присутствовать в качестве свидетеля		jangajmar susdɨ suruda χedʁüra	йангаймар сусды суруда хедгъуьра	Свидетели со стороны невесты были	lower grain for grinding	спускать зерно для помола		ruˤχuqanera χʷáqʼa jezub χowʁura	руӀхухъанера хва́кьа йезуб ховгъура	Мельник подаёт муку в жёлоб (для помола)																									
verb										1	KF		v226		χówqʼur	χówqʼura ~ χówurqʼara ~ χówɨrqʼara	χówqʼas	χówqʼ ~ χówqʼa	χomówrɨqʼ	HPL+APL	ховкьур	χówqʼur	χowqʼur	PV-grab		hold	держать		mi χɨnɨχ χaqʼa!	ми хыных хакьа!	Подержи мальчика!	catch	ловить		χɨnχɨra tup χowɨrqʼara ; čʼabal χowqʼa!	хынхыра туп ховыркьара ; чӀабал ховкьа!	Мальчик ловит мяч ; Поймай овцу!	grab	хватать		tɨlɐjera ʁil χaqʼɨr ~ tɨlɐjera zubajeklʲa χaqʼɨr	тыла̂йера гъил хакьыр ~ тыла̂йера зубайекля хакьыр	Собака за ногу схватила	detain	задержать, арестовать		zɨ miliciʲaše χaqʼɨr	зы милицияше хакьыр	Меня милиция задержала													
verb										1	KF		v228		χúpkur	χúwulkara	χúpkas	χúbka	χumówluk	*	хупкур	χúpkur	χupkur	ask		ask	спрашивать		zad χutkur jüldašed saʁʷaldɨ ; zad edemijeda raˤq χubkur	зад хуткур йуьлдашед сагъвалды ; зад эдемийеда раӀхъ хубкур	Я осведомился о состоянии друга ; У мужика я дорогу спросил																															
verb										1	AA	хъуъ хъабгыр надо говорить	v113		qábgɨr	qawɨ́lgara ~ qáwrɐgara	qábgas	qábga	qamáwlɨg		хъабгыр	qábgɨr	qabgɨr	PV-stay_behind		remain behind	отстать		qu qargɨr	хъу хъаргыр	[Люди на забеге] (Человек) отстал (от остальных бегущих)	catch on while falling	зацепиться, падая		dunkaχda qargɨr	дункахда хъаргыр	За пенек зацепился (когда падал)														14	8	2023					Назиле				
verb										1	AA		v112		qábӡ̌ir	qawráӡ̌era	qábӡ̌es	qábӡ̌e	qamáwɨlӡ̌ ~ qamówriӡ̌		хъабджир	qábӡ̌ir	qabӡ̌ir	PV-take_off		take off shirt	снимать рубашку		zad har jiʁa uχun saʔ qawraǯira	зад гьар йигъа ухун саъ хъавраджира	Я каждый день платье снимаю	flay	снимать шкуру (свежевать), чистить кожуру у фруктов		jed ʁijʁa zer hubgur qawraǯera ; zad ičirdɨ qʼabɨχ qaraǯera	йед гъийгъа зер гьубгур хъавраджера ; зад ичирды кьабых хъараджера	Мы сегодня корову резали и шкуру снимаем ; Я чищу яблоко от кожуры														14	8	2023					Назиле				
verb										1	KF		v182	*	qawálgɨr	qawálgara	qawálgas	qawálga	qamáwɨlg	NO	хъавалгыр	qawálgɨr	qawalgɨr	RE-talk		argue	пререкаться		ɢari wɨɣlid xura quʔ qarargara	къари выгӀлид хьура хъуъ хъараргара	Жена с мужем пререкаются	talk again	снова заговорить		ɢunši zakʷan ǯalgad sa sen i, hɨmɨʔ qalgara	къунши закван джалгад са сен и, гьымыъ хъалгара	Сосед со мной год не разговаривал, а теперь снова разговаривает																					Нурулла				
verb										1	AA	случайно услышать что-то - нельзя с этим словом, только намеренно	v116		qawásɨr	qawásara	qawásas	qawássa	qamáwɨrs		хъавасыр	qawásɨr	qawasɨr	PV-listen		eavesdrop	подслушивать		qʼʷaˤr šu dalgaga zɨ qarasɨr	кьваӀр шу далгага зы хъарасыр	Когда два брата разговаривали, я подслушивала	obey	слушаться		izdɨ rɨš qarasad riʔi, qarasara	изды рыш хъарасад риъи, хъарасара	Моя дочка послушная, слушается														14	8	2023					Назиле				
verb										1	AA	зас хъацӀыр - я догадалась о чем речь идет (когда они о чем-то начали говорить), или я девушку долго очень не видела и узнала ее тоже можно хъацӀыр ; зас гьацӀари гъийгъа михьдаба иджлар выкысды - я знала что сегодня в школе собрание	v117		qawácʼɨr	qawácʼara	qawácʼɨs	qawácʼ	qamáwɨcʼ		хъавацӀыр	qawácʼɨr	qawacʼɨr	RE-know		recognize	узнать		aʁzirdɨ tɨlɨjmašikla izdɨ tɨla zas qawacʼɨsɨ	агъзирды тылыймашикла изды тыла зас хъавацӀысы	Из тысячи собак, я свою узнаю																				14	8	2023					Назиле				
verb										1	AA	спросить, можно ли так сказать про "рукав криво пришили, нужно переделать" и "суп сгорел, нужно сварить заново", "дом сгорел, придется строить заново"	v118		qawɨ́ʔɨr	qawáʔara	qawáʔas	qawáʔ	qamáwaʔ		хъавыъыр	qawɨ́ʔɨr	qawɨʔɨr	RE-do		mend	починить		čejdan hupχura, qawaʔ	чейдан гьупхура, хъаваъ	Чайник сгорел, почини	sew up a hole	зашить дырку в одежде		nine uχumbɨr qaʔara	нине ухумбыр хъаъара	Мама чинит платья	cut hair	подстричь волосы		dide χɨnχɨd huqʼul qawaʔara	диде хынхыд гьукьул хъаваъара	Отец сыну голову подстригает								14	8	2023					Назиле				
verb										1	AA		v115		qápχɨˤr	quˤwʁúˤra	quwʁúˤs	quˤwrɨ́ʁ	quˤmówuˤʁ		хъапхыӀр	qápχɨˤr	qapχɨˤr	RE-leave		go away	уйти		nin haˤr ʁijʔa gʷalaχaːla quˤrʁura naˤχan saʔad jüdis	нин гьаӀр гъийъа гвалахаала хъуӀргъура наӀхан саъад йуьдис	Мама каждый день приходит с работы домой в 7 часов вечера																				14	8	2023					Назиле				
verb										1	AA		v114		qápxɨr	qawráxara	qápxas	qápxa	qamáwrɨx		хъапхьыр	qápxɨr	qapxɨr	PV-sweep		sweep	подметать		zad har ʁijʁa ixdɨ χaldɨ ǯil qawraxara	зад гьар гъийгъа ихьды халды джил хъаврахьара	Я каждый день в моем доме подметаю пол																				14	8	2023					Назиле				
verb										1	AA	iPFVː qiʔi, qiri, qiwi, qiʔi	v119		qíbqʼɨr	qiwí	qiwíqʼas	qiwíqʼa	quˤmóˤwuˤʁ		хъибкьыр	qíbqʼɨr	qibqʼɨr	RE-come		come back	возвращаться		did qirqʼɨra χala	дид хъиркьыра хала	Отец вернулся домой																				14	8	2023					Назиле				
verb										1	AA	я тебе яблоко оставила, ты не пришла, я сама съела	v123		qiwlír	qiwílera ~ qiwléra	qíwles ~ qiwíles	qiwilʔe ~ qiwíle	qiméwliʔ		хъивлир	qiwlír	qiwlir	RE-eat		finish remained food	доесть оставленное		zad was χinkʼal satɨraj, wɨǯirqʼɨne, zad qilir ; χinkʼal bala hɨʔɨr aj, adgɨbajdɨ qubajdɨ jiʁa qilir	зад вас хинкӀал сатырай, выджиркьыне, зад хъилир ; хинкӀал бала гьыъыр ай, адгыбайды хъубайды йигъа хъилир	Я тебе хинкал оставила, когда ты не пришла, я сама съела ; Хинкала много сделали, оставшийся на следующий день поели																				14	8	2023					Назиле				
verb										1	AA		v120		qípxur	qípxura	qípxus	qípxʷa	qimépx		хъипхьур	qípxur	qipxur	PV-be_after		be after	бежать за кем-то		χɨnɨχ diddɨ ǯibra qirxur	хыных дидды джибра хъирхьур	Сын за отцом побежал	chase	гнаться		χaˤr ʁijʁa izdɨ ǯibra tɨla qbxura	хаӀр гъийгъа изды джибра тыла хъбхьура	Каждый день за мной гонится собака														14	8	2023					Назиле				
verb										1	AA		v121		qičípkɨr	qičwílkara	qičípkas	qičípka	qiméčʷilk		хъичипкыр	qičípkɨr	qičipkɨr	PV-drag		drag	тащить, волочить		izdɨ mašin čʼiri wišijne, maddɨ mašinara qičipkɨr kipqʼɨr ; χɨnχɨra izdɨ uχun qičʷilkara	изды машин чӀири вишийне, мадды машинара хъичипкыр кипкьыр ; хынхыра изды ухун хъичвилкара	Моя машина сломалась, другая машина ее притащила (на буксир взяла) ; Ребенок мое платье тянет																				14	8	2023					Назиле				
verb										1	AA		v127		quˤwʁúˤrčʼir	quˤwʁúˤrčʼera	quˤwúˤʁčʼes	quˤwʁúˤrčʼe	quˤwmóˤwričʼ		хъуӀвгъуӀрчӀир	quˤwʁúˤrčʼir	quˤwʁuˤrčʼir	PV-peel		peel (tr., about fruit)	чистить (фрукты)		nine zas mejwabɨr quˤʁuˤrčʼir	нине зас мейвабыр хъуӀгъуӀрчӀир	Мама мне фрукты почистила																				14	8	2023					Назиле				
verb										1	AA	первый прохибитив тоже можно, но вроде не очень нравится	v124		qɨwgɨ́r	qɨwgára	qɨwgás	qɨwgá	qɨmáwɨlɨg ~ qɨmówɨg		хъывгыр	qɨwgɨ́r	qɨwgɨr	RE-fetch		bring	привести, привезти		zad lüčeklʲa mašin qɨwgɨr ; zad izdɨ gaj mɨˤχaˤ qɨrgɨr	зад луьчеклʼа машин хъывгыр ; зад изды гай мыӀхаӀ хъыргыр	Я из лучека машину пригнал ; Я свою тетю из рутула привез	fall in love	быть влюбленным, любить		zas wɨ qɨrgara	зас вы хъыргара	[Девушке:] Я тебя очень люблю														14	8	2023					Назиле				
verb										1	AA		v125		qɨwɨ́r	qɨwɨ́lcʼara	qɨwɨ́s	qawáka	qɨmálwɨcʼ ~ qɨmówlɨcʼ		хъывыр	qɨwɨ́r	qɨwɨr	RE-give		give back	вернуть		hanuw izdɨ bɨrǯ xibɨd sen i qɨčʷɨlcʼad	гьанув изды бырдж хьибыд сен и хъычвылцӀад	Он мне уже три года долг не возвращает																				14	8	2023					Назиле				
verb										1	AA	первый ипфв вроде можно, так говорят, но не правильно	v126		qɨˤӡ̌ɨ́ˤbʁɨr	qɨˤӡ̌ɨˤbʁara ~ qɨˤӡ̌wɨ́ˤʁara	qɨˤӡ̌ɨ́ˤbʁas	qɨˤӡ̌ɨ́ˤbʁa	qɨˤӡ̌ɨˤmáwˤlɨʁ		хъыӀджыӀбгъыр	qɨˤӡ̌ɨ́ˤbʁɨr	qɨˤӡ̌ɨˤbʁɨr	PV-wither		wither (about flower)	вянуть (о цветке)		ixdɨ baʁde bɨčʼbɨr qɨˤǯɨˤdʁɨra	ихьды багъде бычӀбыр хъыӀджыӀдгъыра	У нас в саду цветы завяли																				14	8	2023					Назиле				
verb										1	KF		v225		χɨˤʁɨ́wχɨr	χɨˤʁwɨ́rχara	χɨˤʁɨ́wχɨs	χɨˤʁɨ́wχa	χɨˤʁmáwrɨχ ~ χɨˤʁmówrɨχ	NO	хыӀгъывхыр	χɨˤʁɨ́wχɨr	χɨˤʁɨwχɨr	PV-stand		be standing	стоять, останавливаться		qʼaˤsdɨ babaj rɨˤɢa riʔiga, kʼɨb kʼɨb χɨˤʁrɨˤrχara	кьаӀсды бабай рыӀкъа риъига, кӀыб кӀыб хыӀгърыӀрхара	Старуха когда идёт, часто останавливается																															
verb										1	KF		v14		cʼipqʼɨr	cʼiwriqʼara	cʼipqʼas	cʼipqʼa	cʼimewriqʼ	*	цӀипкьыр	cʼipqʼɨr	cʼipqʼɨr	PV-shudder		shudder	вздрагивать		rak ačɨχ hɨʔɨjne, had hammeše cʼirqʼara	рак ачых гьыъыйне, гьад гьаммеше цӀиркьара	Каждый раз, когда открывают дверь, он вздрагивает																											Назиле				
verb										1	KF		v231		čawáqur	čawáqʷara	čawáqʷas	čawáqʷa	čamáwruq	NO	чавахъур	čawáqur	čawaqur	PV-itch		itch	чесаться, зудеть		χɨnɨχ hammeše čaqwara	хыных гьаммеше чахъвара	Ребёнок постоянно чешется																															
verb										1	KF		v13		čʼipxɨr	čʼiwirxara	čʼiwirxas ~ čʼipxas	čʼipxa	čʼimewrɨx	NO	чӀипхьыр	čʼipxɨr	čʼipxɨr	PV-attack		attack	лезть драться, кидаться на кого-то		wad χuʔ kepʼir tɨla, had waχda čʼipxasɨ	вад хуъ кепӀир тыла, гьад вахда чӀипхьасы	Ты разозлил собаку, она будет кидаться на тебя																											Назиле				